电池id,电池型号
11002354,四美7237
11002357,四美7237
11002358,四美7237
11002359,四美7237
11002360,四美7237
11002361,四美7237
11002362,四美7237
11002363,四美7237
11002364,四美7237
11002365,四美7237
11002366,四美7237
11002367,四美7237
11002368,四美7237
11002369,四美7237
11002370,四美7237
11002371,四美7237
11002372,四美7237
11002373,四美7237
11002374,四美7237
11002375,四美7237
11002376,四美7237
11002377,四美7237
11002378,四美7237
11002379,四美7237
11002380,四美7237
11002381,四美7237
11002382,四美7237
11002383,四美7237
11002384,四美7237
11002387,四美7237
11002388,四美7237
11002389,四美7237
11002390,四美7237
11002391,四美7237
11002392,四美7237
11002393,四美7237
11002394,四美7237
11002395,四美7237
11002396,四美7237
11002397,四美7237
11002398,四美7237
11002399,四美7237
11002400,四美7237
11002401,四美7237
11002402,四美7237
11002403,四美7237
11002404,四美7237
11002405,四美7237
11002406,四美7237
11002452,四美7237
11002453,四美7237
11002454,四美7237
11002455,四美7237
11002456,四美7237
11002457,四美7237
11002458,四美7237
11002459,四美7237
11002460,四美7237
11002461,四美7237
11002462,四美7237
11002463,四美7237
11002464,四美7237
11002465,四美7237
11002466,四美7237
11002467,四美7237
11002468,四美7237
11002469,四美7237
11002470,四美7237
11002471,四美7237
11002472,四美7237
11002473,四美7237
11002474,四美7237
11002475,四美7237
11002476,四美7237
11002477,四美7237
11002478,四美7237
11002479,四美7237
11002480,四美7237
11002481,四美7237
11002482,四美7237
11002483,四美7237
11002484,四美7237
11002485,四美7237
11002486,四美7237
11002487,四美7237
11002488,四美7237
11002489,四美7237
11002490,四美7237
11002491,四美7237
11002492,四美7237
11002493,四美7237
11002494,四美7237
11002495,四美7237
11002496,四美7237
11002497,四美7237
11002498,四美7237
11002499,四美7237
11002500,四美7237
11002501,四美7237
11002502,四美7237
11002503,四美7237
11002504,四美7237
11002505,四美7237
11002506,四美7237
11002507,四美7237
11002508,四美7237
11002509,四美7237
11002510,四美7237
11002511,四美7237
11002512,四美7237
11002513,四美7237
11002514,四美7237
11002515,四美7237
11002516,四美7237
11002517,四美7237
11002518,四美7237
11002519,四美7237
11002520,四美7237
11002521,四美7237
11002522,四美7237
11002523,四美7237
11002524,四美7237
11002525,四美7237
11002526,四美7237
11002527,四美7237
11002528,四美7237
11002529,四美7237
11002530,四美7237
11002531,四美7237
11002532,四美7237
11002533,四美7237
11002534,四美7237
11002535,四美7237
11002536,四美7237
11002537,四美7237
11002538,四美7237
11002539,四美7237
11002540,四美7237
11002541,四美7237
11002542,四美7237
11002543,四美7237
11002544,四美7237
11002545,四美7237
11002546,四美7237
11002547,四美7237
11002548,四美7237
11002549,四美7237
11002550,四美7237
11002551,四美7237
11002552,四美7237
11002553,四美7237
11002554,四美7237
11002555,四美7237
11002556,四美7237
11002557,四美7237
11002558,四美7237
11002559,四美7237
11002560,四美7237
11002561,四美7237
11002562,四美7237
11002563,四美7237
11002564,四美7237
11002565,四美7237
11002566,四美7237
11002567,四美7237
11002569,四美7237
11002570,四美7237
11002571,四美7237
11002574,四美7237
11002576,四美7237
11002577,四美7237
11002578,四美7237
11002579,四美7237
11002580,四美7237
11002581,四美7237
11002582,四美7237
11002583,四美7237
11002584,四美7237
11002585,四美7237
11002586,四美7237
11002587,四美7237
11002588,四美7237
11002589,四美7237
11002590,四美7237
11002591,四美7237
11002592,四美7237
11002593,四美7237
11002594,四美7237
11002595,四美7237
11002596,四美7237
11002597,四美7237
11002598,四美7237
11002599,四美7237
11002600,四美7237
11002601,四美7237
11002602,四美7237
11002603,四美7237
11002604,四美7237
11002605,四美7237
11002606,四美7237
11002607,四美7237
11002608,四美7237
11002609,四美7237
11002610,四美7237
11002611,四美7237
11002612,四美7237
11002613,四美7237
11002614,四美7237
11002615,四美7237
11002616,四美7237
11002617,四美7237
11002618,四美7237
11002619,四美7237
11002620,四美7237
11002621,四美7237
11002623,四美7237
11002624,四美7237
11002625,四美7237
11002626,四美7237
11002627,四美7237
11002628,四美7237
11002629,四美7237
11002630,四美7237
11002631,四美7237
11002632,四美7237
11002633,四美7237
11002634,四美7237
11002635,四美7237
11002636,四美7237
11002637,四美7237
11002638,四美7237
11002639,四美7237
11002640,四美7237
11002641,四美7237
11002642,四美7237
11002643,四美7237
11002644,四美7237
11002645,四美7237
11002646,四美7237
11002647,四美7237
11002648,四美7237
11002649,四美7237
11002651,四美7237
11002652,四美7237
11002653,四美7237
11002654,四美7237
11002655,四美7237
11002656,四美7237
11002657,四美7237
11002658,四美7237
11002659,四美7237
11002660,四美7237
11002661,四美7237
11002662,四美7237
11002663,四美7237
11002664,四美7237
11002665,四美7237
11002666,四美7237
11002667,四美7237
11002668,四美7237
11002669,四美7237
11002670,四美7237
11002671,四美7237
11002672,四美7237
11002673,四美7237
11002674,四美7237
11002675,四美7237
11002676,四美7237
11002677,四美7237
11002678,四美7237
11002679,四美7237
11002680,四美7237
11002681,四美7237
11002682,四美7237
11002683,四美7237
11002684,四美7237
11002685,四美7237
11002686,四美7237
11002687,四美7237
11002688,四美7237
11002689,四美7237
11002690,四美7237
11002691,四美7237
11002692,四美7237
11002693,四美7237
11002694,四美7237
11002695,四美7237
11002696,四美7237
11002697,四美7237
11002698,四美7237
11002700,四美7237
11002701,四美7237
11002702,四美7237
11002703,四美7237
11002704,四美7237
11002705,四美7237
11002706,四美7237
11002707,四美7237
11002708,四美7237
11002709,四美7237
11002710,四美7237
11002711,四美7237
11002712,四美7237
11002713,四美7237
11002714,四美7237
11002715,四美7237
11002716,四美7237
11002717,四美7237
11002718,四美7237
11002719,四美7237
11002720,四美7237
11002721,四美7237
11002722,四美7237
11002723,四美7237
11002724,四美7237
11002725,四美7237
11002726,四美7237
11002727,四美7237
11002728,四美7237
11002729,四美7237
11002731,四美7237
11002732,四美7237
11002733,四美7237
11002734,四美7237
11002735,四美7237
11002736,四美7237
11002737,四美7237
11002738,四美7237
11002739,四美7237
11002740,四美7237
11002741,四美7237
11002742,四美7237
11002743,四美7237
11002744,四美7237
11002745,四美7237
11002746,四美7237
11002747,四美7237
11002748,四美7237
11002749,四美7237
11002750,四美7237
11002751,四美7237
11002752,四美7237
11002753,四美7237
11002754,四美7237
11002755,四美7237
11002756,四美7237
11002757,四美7237
11002758,四美7237
11002759,四美7237
11002760,四美7237
11002761,四美7237
11002762,四美7237
11002763,四美7237
11002764,四美7237
11002765,四美7237
11002766,四美7237
11002767,四美7237
11002768,四美7237
11002769,四美7237
11002770,四美7237
11002771,四美7237
11002772,四美7237
11002773,四美7237
11002774,四美7237
11002775,四美7237
11002776,四美7237
11002777,四美7237
11002778,四美7237
11002779,四美7237
11002780,四美7237
11002781,四美7237
11002782,四美7237
11002783,四美7237
11002784,四美7237
11002785,四美7237
11002786,四美7237
11002787,四美7237
11002788,四美7237
11002789,四美7237
11002790,四美7237
11002791,四美7237
11002792,四美7237
11002793,四美7237
11002794,四美7237
11002795,四美7237
11002796,四美7237
11002797,四美7237
11002798,四美7237
11002799,四美7237
11002800,四美7237
11002801,四美7237
11002802,四美7237
11002803,四美7237
11002804,四美7237
11002805,四美7237
11002806,四美7237
11002807,四美7237
11002808,四美7237
11002809,四美7237
11002810,四美7237
11002811,四美7237
11002812,四美7237
11002814,四美7237
11002815,四美7237
11002816,四美7237
11002817,四美7237
11002818,四美7237
11002819,四美7237
11002820,四美7237
11002821,四美7237
11002822,四美7237
11002823,四美7237
11002824,四美7237
11002825,四美7237
11002826,四美7237
11002827,四美7237
11002828,四美7237
11002829,四美7237
11002830,四美7237
11002831,四美7237
11002832,四美7237
11002833,四美7237
11002834,四美7237
11002835,四美7237
11002836,四美7237
11002837,四美7237
11002838,四美7237
11002839,四美7237
11002840,四美7237
11002841,四美7237
11002842,四美7237
11002843,四美7237
11002844,四美7237
11002845,四美7237
11002846,四美7237
11002847,四美7237
11002848,四美7237
11002849,四美7237
11002850,四美7237
11002851,四美7237
11002852,四美7237
11002853,四美7237
11002854,四美7237
11002855,四美7237
11002856,四美7237
11002857,四美7237
11002858,四美7237
11002859,四美7237
11002860,四美7237
11002861,四美7237
11002862,四美7237
11002863,四美7237
11002864,四美7237
11002865,四美7237
11002866,四美7237
11002867,四美7237
11002868,四美7237
11002869,四美7237
11002870,四美7237
11002871,四美7237
11002872,四美7237
11002873,四美7237
11002874,四美7237
11002875,四美7237
11002876,四美7237
11002877,四美7237
11002878,四美7237
11002879,四美7237
11002880,四美7237
11002881,四美7237
11002882,四美7237
11002883,四美7237
11002884,四美7237
11002885,四美7237
11002886,四美7237
11002887,四美7237
11002888,四美7237
11002889,四美7237
11002890,四美7237
11002891,四美7237
11002892,四美7237
11002893,四美7237
11002894,四美7237
11002895,四美7237
11002896,四美7237
11002897,四美7237
11002898,四美7237
11002899,四美7237
11002900,四美7237
11002901,四美7237
11002902,四美7237
11002903,四美7237
11002904,四美7237
11002905,四美7237
11002906,四美7237
11002907,四美7237
11002908,四美7237
11002909,四美7237
11002910,四美7237
11002911,四美7237
11002912,四美7237
11002913,四美7237
11002914,四美7237
11002915,四美7237
11002916,四美7237
11002917,四美7237
11002919,四美7237
11002920,四美7237
11002921,四美7237
11002922,四美7237
11002923,四美7237
11002924,四美7237
11002925,四美7237
11002926,四美7237
11002927,四美7237
11002928,四美7237
11002929,四美7237
11002930,四美7237
11002931,四美7237
11002932,四美7237
11002933,四美7237
11002934,四美7237
11002935,四美7237
11002936,四美7237
11002937,四美7237
11002938,四美7237
11002939,四美7237
11002940,四美7237
11002941,四美7237
11002942,四美7237
11002943,四美7237
11002944,四美7237
11002945,四美7237
11002946,四美7237
11002947,四美7237
11002948,四美7237
11002949,四美7237
11002950,四美7237
11002951,四美7237
11002952,四美7237
11002953,四美7237
11002954,四美7237
11002955,四美7237
11002956,四美7237
11002957,四美7237
11002958,四美7237
11002959,四美7237
11002960,四美7237
11002961,四美7237
11002962,四美7237
11002963,四美7237
11002964,四美7237
11002965,四美7237
11002966,四美7237
11002967,四美7237
11002968,四美7237
11002969,四美7237
11002970,四美7237
11002971,四美7237
11002972,四美7237
11002973,四美7237
11002974,四美7237
11002975,四美7237
11002976,四美7237
11002977,四美7237
11002978,四美7237
11002979,四美7237
11002980,四美7237
11002981,四美7237
11002982,四美7237
11002983,四美7237
11002984,四美7237
11002985,四美7237
11002986,四美7237
11002987,四美7237
11002988,四美7237
11002989,四美7237
11002990,四美7237
11002991,四美7237
11002992,四美7237
11002993,四美7237
11002994,四美7237
11002995,四美7237
11002996,四美7237
11002997,四美7237
11002998,四美7237
11002999,四美7237
11003000,四美7237
11003001,四美7237
11003002,四美7237
11003003,四美7237
11003004,四美7237
11003005,四美7237
11003006,四美7237
11003007,四美7237
11003008,四美7237
11003009,四美7237
11003010,四美7237
11003011,四美7237
11003012,四美7237
11003013,四美7237
11003014,四美7237
11003015,四美7237
11003016,四美7237
11003017,四美7237
11003018,四美7237
11003019,四美7237
11003020,四美7237
11003021,四美7237
11003022,四美7237
11003023,四美7237
11003024,四美7237
11003025,四美7237
11003026,四美7237
11003027,四美7237
11003028,四美7237
11003029,四美7237
11003030,四美7237
11003031,四美7237
11003032,四美7237
11003033,四美7237
11003034,四美7237
11003035,四美7237
11003036,四美7237
11003037,四美7237
11003038,四美7237
11003039,四美7237
11003040,四美7237
11003041,四美7237
11003042,四美7237
11003043,四美7237
11003044,四美7237
11003045,四美7237
11003046,四美7237
11003047,四美7237
11003048,四美7237
11003049,四美7237
11003050,四美7237
11003051,四美7237
11003052,四美7237
11003053,四美7237
11003054,四美7237
11003055,四美7237
11003056,四美7237
11003057,四美7237
11003058,四美7237
11003059,四美7237
11003060,四美7237
11003061,四美7237
11003062,四美7237
11003063,四美7237
11003064,四美7237
11003065,四美7237
11003066,四美7237
11003067,四美7237
11003068,四美7237
11003069,四美7237
11003070,四美7237
11003071,四美7237
11003072,四美7237
11003073,四美7237
11003074,四美7237
11003075,四美7237
11003076,四美7237
11003077,四美7237
11003078,四美7237
11003079,四美7237
11003080,四美7237
11003081,四美7237
11003082,四美7237
11003083,四美7237
11003084,四美7237
11003085,四美7237
11003086,四美7237
11003087,四美7237
11003088,四美7237
11003089,四美7237
11003090,四美7237
11003091,四美7237
11003092,四美7237
11003093,四美7237
11003094,四美7237
11003095,四美7237
11003096,四美7237
11003097,四美7237
11003098,四美7237
11003099,四美7237
11003100,四美7237
11003101,四美7237
11003102,四美7237
11003103,四美7237
11003104,四美7237
11003105,四美7237
11003106,四美7237
11003107,四美7237
11003108,四美7237
11003109,四美7237
11003110,四美7237
11003111,四美7237
11003112,四美7237
11003113,四美7237
11003114,四美7237
11003115,四美7237
11003116,四美7237
11003117,四美7237
11003118,四美7237
11003119,四美7237
11003120,四美7237
11003121,四美7237
11003122,四美7237
11003123,四美7237
11003124,四美7237
11003125,四美7237
11003126,四美7237
11003127,四美7237
11003128,四美7237
11003129,四美7237
11003130,四美7237
11003131,四美7237
11003132,四美7237
11003133,四美7237
11003134,四美7237
11003135,四美7237
11003136,四美7237
11003137,四美7237
11003138,四美7237
11003139,四美7237
11003140,四美7237
11003141,四美7237
11003142,四美7237
11003143,四美7237
11003144,四美7237
11003145,四美7237
11003146,四美7237
11003147,四美7237
11003148,四美7237
11003149,四美7237
11003150,四美7237
11003151,四美7237
11003152,四美7237
11003153,四美7237
11003154,四美7237
11003155,四美7237
11003156,四美7237
11003157,四美7237
11003158,四美7237
11003159,四美7237
11003160,四美7237
11003161,四美7237
11003162,四美7237
11003163,四美7237
11003164,四美7237
11003165,四美7237
11003166,四美7237
11003167,四美7237
11003168,四美7237
11003169,四美7237
11003170,四美7237
11003171,四美7237
11003172,四美7237
11003173,四美7237
11003174,四美7237
11003175,四美7237
11003176,四美7237
11003177,四美7237
11003178,四美7237
11003179,四美7237
11003180,四美7237
11003181,四美7237
11003182,四美7237
11003183,四美7237
11003184,四美7237
11003185,四美7237
11003186,四美7237
11003187,四美7237
11003188,四美7237
11003189,四美7237
11003190,四美7237
11003191,四美7237
11003192,四美7237
11003193,四美7237
11003194,四美7237
11003195,四美7237
11003196,四美7237
11003197,四美7237
11003198,四美7237
11003199,四美7237
11003200,四美7237
11003201,四美7237
11003202,四美7237
11003203,四美7237
11003204,四美7237
11003205,四美7237
11003206,四美7237
11003207,四美7237
11003208,四美7237
11003209,四美7237
11003210,四美7237
11003211,四美7237
11003212,四美7237
11003213,四美7237
11003214,四美7237
11003215,四美7237
11003216,四美7237
11003217,四美7237
11003218,四美7237
11003219,四美7237
11003220,四美7237
11003221,四美7237
11003222,四美7237
11003223,四美7237
11003224,四美7237
11003225,四美7237
11003226,四美7237
11003227,四美7237
11003228,四美7237
11003229,四美7237
11003230,四美7237
11003231,四美7237
11003232,四美7237
11003233,四美7237
11003234,四美7237
11003235,四美7237
11003236,四美7237
11003237,四美7237
11003238,四美7237
11003239,四美7237
11003240,四美7237
11003241,四美7237
11003242,四美7237
11003243,四美7237
11003244,四美7237
11003245,四美7237
11003246,四美7237
11003247,四美7237
11003248,四美7237
11003249,四美7237
11003250,四美7237
11003251,四美7237
11003252,四美7237
11003253,四美7237
11003254,四美7237
11003255,四美7237
11003256,四美7237
11003257,四美7237
11003258,四美7237
11003259,四美7237
11003260,四美7237
11003261,四美7237
11003262,四美7237
11003263,四美7237
11003264,四美7237
11003265,四美7237
11003266,四美7237
11003267,四美7237
11003268,四美7237
11003269,四美7237
11003270,四美7237
11003271,四美7237
11003272,四美7237
11003273,四美7237
11003274,四美7237
11003275,四美7237
11003276,四美7237
11003277,四美7237
11003278,四美7237
11003279,四美7237
11003280,四美7237
11003281,四美7237
11003282,四美7237
11003283,四美7237
11003284,四美7237
11003285,四美7237
11003286,四美7237
11003287,四美7237
11003288,四美7237
11003289,四美7237
11003290,四美7237
11003291,四美7237
11003292,四美7237
11003293,四美7237
11003294,四美7237
11003295,四美7237
11003296,四美7237
11003297,四美7237
11003298,四美7237
11003299,四美7237
11003300,四美7237
11003301,四美7237
11003302,四美7237
11003303,四美7237
11003304,四美7237
11003305,四美7237
11003306,四美7237
11003307,四美7237
11003308,四美7237
11003309,四美7237
11003310,四美7237
11003311,四美7237
11003312,四美7237
11003313,四美7237
11003314,四美7237
11003315,四美7237
11003316,四美7237
11003317,四美7237
11003318,四美7237
11003319,四美7237
11003320,四美7237
11003321,四美7237
11003322,四美7237
11003323,四美7237
11003324,四美7237
11003325,四美7237
11003326,四美7237
11003327,四美7237
11003328,四美7237
11003329,四美7237
11003330,四美7237
11003331,四美7237
11003333,四美7237
11003334,四美7237
11003335,四美7237
11003336,四美7237
11003337,四美7237
11003338,四美7237
11003339,四美7237
11003340,四美7237
11003341,四美7237
11003342,四美7237
11003343,四美7237
11003344,四美7237
11003345,四美7237
11003346,四美7237
11003347,四美7237
11003348,四美7237
11003349,四美7237
11003350,四美7237
11003351,四美7237
11003352,四美7237
11003353,四美7237
11003354,四美7237
11003355,四美7237
11003358,四美7237
11003360,四美7237
11003362,四美7237
11003363,四美7237
11003365,四美7237
11003366,四美7237
11003367,四美7237
11003368,四美7237
11003369,四美7237
11003370,四美7237
11003372,四美7237
11003373,四美7237
11003374,四美7237
11003375,四美7237
11003376,四美7237
11003377,四美7237
11003378,四美7237
11003379,四美7237
11003380,四美7237
11003381,四美7237
11003382,四美7237
11003383,四美7237
11003384,四美7237
11003385,四美7237
11003386,四美7237
11003387,四美7237
11003388,四美7237
11003389,四美7237
11003390,四美7237
11003391,四美7237
11003392,四美7237
11003393,四美7237
11003394,四美7237
11003395,四美7237
11003396,四美7237
11003397,四美7237
11003398,四美7237
11003399,四美7237
11003400,四美7237
11003401,四美7237
11003402,四美7237
11003403,四美7237
11003404,四美7237
11003405,四美7237
11003406,四美7237
11003407,四美7237
11003408,四美7237
11003409,四美7237
11003410,四美7237
11003411,四美7237
11003412,四美7237
11003413,四美7237
11003414,四美7237
11003415,四美7237
11003416,四美7237
11003417,四美7237
11003418,四美7237
11003419,四美7237
11003420,四美7237
11003421,四美7237
11003422,四美7237
11003423,四美7237
11003424,四美7237
11003425,四美7237
11003426,四美7237
11003427,四美7237
11003428,四美7237
11003429,四美7237
11003430,四美7237
11003431,四美7237
11003432,四美7237
11003433,四美7237
11003434,四美7237
11003435,四美7237
11003436,四美7237
11003437,四美7237
11003438,四美7237
11003439,四美7237
11003440,四美7237
11003441,四美7237
11003442,四美7237
11003443,四美7237
11003444,四美7237
11003445,四美7237
11003446,四美7237
11003447,四美7237
11003448,四美7237
11003449,四美7237
11003450,四美7237
11003451,四美7237
11003452,四美7237
11003453,四美7237
11003454,四美7237
11003455,四美7237
11003456,四美7237
11003457,四美7237
11003458,四美7237
11003459,四美7237
11003460,四美7237
11003461,四美7237
11003462,四美7237
11003463,四美7237
11003464,四美7237
11003465,四美7237
11003466,四美7237
11003467,四美7237
11003468,四美7237
11003469,四美7237
11003470,四美7237
11003471,四美7237
11003472,四美7237
11003473,四美7237
11003474,四美7237
11003475,四美7237
11003476,四美7237
11003477,四美7237
11003478,四美7237
11003479,四美7237
11003480,四美7237
11003481,四美7237
11003482,四美7237
11003483,四美7237
11003484,四美7237
11003485,四美7237
11003486,四美7237
11003487,四美7237
11003488,四美7237
11003489,四美7237
11003490,四美7237
11003491,四美7237
11003492,四美7237
11003493,四美7237
11003494,四美7237
11003495,四美7237
11003496,四美7237
11003497,四美7237
11003498,四美7237
11003499,四美7237
11003500,四美7237
11003501,四美7237
11003502,四美7237
11003503,四美7237
11003504,四美7237
11003505,四美7237
11003506,四美7237
11003507,四美7237
11003508,四美7237
11003509,四美7237
11003510,四美7237
11003511,四美7237
11003512,四美7237
11003513,四美7237
11003514,四美7237
11003515,四美7237
11003516,四美7237
11003517,四美7237
11003518,四美7237
11003519,四美7237
11003520,四美7237
11003521,四美7237
11003522,四美7237
11003523,四美7237
11003524,四美7237
11003525,四美7237
11003526,四美7237
11003527,四美7237
11003528,四美7237
11003529,四美7237
11003530,四美7237
11003531,四美7237
11003532,四美7237
11003533,四美7237
11003534,四美7237
11003535,四美7237
11003536,四美7237
11003537,四美7237
11003538,四美7237
11003539,四美7237
11003540,四美7237
11003541,四美7237
11003542,四美7237
11003543,四美7237
11003544,四美7237
11003545,四美7237
11003546,四美7237
11003547,四美7237
11003548,四美7237
11003549,四美7237
11003550,四美7237
11003551,四美7237
11003552,四美7237
11003553,四美7237
11003554,四美7237
11003555,四美7237
11003556,四美7237
11003557,四美7237
11003558,四美7237
11003559,四美7237
11003560,四美7237
11003561,四美7237
11003562,四美7237
11003563,四美7237
11003564,四美7237
11003565,四美7237
11003566,四美7237
11003567,四美7237
11003568,四美7237
11003569,四美7237
11003570,四美7237
11003571,四美7237
11003572,四美7237
11003573,四美7237
11003574,四美7237
11003575,四美7237
11003576,四美7237
11003577,四美7237
11003578,四美7237
11003579,四美7237
11003580,四美7237
11003581,四美7237
11003582,四美7237
11003583,四美7237
11003584,四美7237
11003585,四美7237
11003586,四美7237
11003587,四美7237
11003588,四美7237
11003589,四美7237
11003590,四美7237
11003591,四美7237
11003592,四美7237
11003593,四美7237
11003594,四美7237
11003595,四美7237
11003596,四美7237
11003597,四美7237
11003598,四美7237
11003599,四美7237
11003600,四美7237
11003601,四美7237
11003602,四美7237
11003603,四美7237
11003604,四美7237
11003605,四美7237
11003606,四美7237
11003607,四美7237
11003608,四美7237
11003609,四美7237
11003610,四美7237
11003611,四美7237
11003612,四美7237
11003613,四美7237
11003614,四美7237
11003615,四美7237
11003616,四美7237
11003617,四美7237
11003618,四美7237
11003619,四美7237
11003620,四美7237
11003621,四美7237
11003622,四美7237
11003623,四美7237
11003624,四美7237
11003625,四美7237
11003626,四美7237
11003627,四美7237
11003628,四美7237
11003629,四美7237
11003630,四美7237
11003632,四美7237
11003633,四美7237
11003634,四美7237
11003635,四美7237
11003636,四美7237
11003637,四美7237
11003638,四美7237
11003639,四美7237
11003640,四美7237
11003641,四美7237
11003642,四美7237
11003643,四美7237
11003644,四美7237
11003645,四美7237
11003646,四美7237
11003647,四美7237
11003648,四美7237
11003649,四美7237
11003650,四美7237
11003651,四美7237
11003652,四美7237
11003653,四美7237
11003654,四美7237
11003655,四美7237
11003656,四美7237
11003657,四美7237
11003658,四美7237
11003659,四美7237
11003660,四美7237
11003661,四美7237
11003662,四美7237
11003663,四美7237
11003664,四美7237
11003665,四美7237
11003666,四美7237
11003667,四美7237
11003668,四美7237
11003669,四美7237
11003670,四美7237
11003671,四美7237
11003672,四美7237
11003673,四美7237
11003674,四美7237
11003675,四美7237
11003676,四美7237
11003677,四美7237
11003678,四美7237
11003679,四美7237
11003680,四美7237
11003681,四美7237
11003682,四美7237
11003683,四美7237
11003684,四美7237
11003685,四美7237
11003686,四美7237
11003687,四美7237
11003688,四美7237
11003689,四美7237
11003690,四美7237
11003691,四美7237
11003692,四美7237
11003693,四美7237
11003694,四美7237
11003695,四美7237
11003696,四美7237
11003697,四美7237
11003698,四美7237
11003699,四美7237
11003700,四美7237
11003701,四美7237
11003702,四美7237
11003703,四美7237
11003704,四美7237
11003705,四美7237
11003706,四美7237
11003707,四美7237
11003708,四美7237
11003709,四美7237
11003710,四美7237
11003711,四美7237
11003712,四美7237
11003713,四美7237
11003714,四美7237
11003715,四美7237
11003716,四美7237
11003717,四美7237
11003718,四美7237
11003719,四美7237
11003720,四美7237
11003721,四美7237
11003722,四美7237
11003723,四美7237
11003724,四美7237
11003725,四美7237
11003726,四美7237
11003727,四美7237
11003728,四美7237
11003729,四美7237
11003730,四美7237
11003731,四美7237
11003732,四美7237
11003733,四美7237
11003734,四美7237
11003735,四美7237
11003736,四美7237
11003737,四美7237
11003738,四美7237
11003739,四美7237
11003740,四美7237
11003741,四美7237
11003742,四美7237
11003743,四美7237
11003744,四美7237
11003745,四美7237
11003746,四美7237
11003747,四美7237
11003748,四美7237
11003749,四美7237
11003750,四美7237
11003751,四美7237
11003752,四美7237
11003753,四美7237
11003754,四美7237
11003755,四美7237
11003756,四美7237
11003757,四美7237
11003758,四美7237
11003759,四美7237
11003760,四美7237
11003761,四美7237
11003762,四美7237
11003763,四美7237
11003764,四美7237
11003765,四美7237
11003766,四美7237
11003767,四美7237
11003768,四美7237
11003769,四美7237
11003770,四美7237
11003771,四美7237
11003772,四美7237
11003773,四美7237
11003774,四美7237
11003775,四美7237
11003776,四美7237
11003777,四美7237
11003778,四美7237
11003779,四美7237
11003780,四美7237
11003781,四美7237
11003782,四美7237
11003783,四美7237
11003784,四美7237
11003785,四美7237
11003786,四美7237
11003787,四美7237
11003788,四美7237
11003789,四美7237
11003790,四美7237
11003791,四美7237
11003792,四美7237
11003793,四美7237
11003794,四美7237
11003795,四美7237
11003796,四美7237
11003797,四美7237
11003798,四美7237
11003799,四美7237
11003800,四美7237
11003801,四美7237
11003802,四美7237
11003803,四美7237
11003804,四美7237
11003805,四美7237
11003806,四美7237
11003807,四美7237
11003808,四美7237
11003809,四美7237
11003810,四美7237
11003811,四美7237
11003812,四美7237
11003813,四美7237
11003814,四美7237
11003815,四美7237
11003816,四美7237
11003817,四美7237
11003818,四美7237
11003819,四美7237
11003820,四美7237
11003821,四美7237
11003822,四美7237
11003823,四美7237
11003824,四美7237
11003825,四美7237
11003826,四美7237
11003827,四美7237
11003828,四美7237
11003829,四美7237
11003830,四美7237
11003831,四美7237
11003832,四美7237
11003833,四美7237
11003834,四美7237
11003835,四美7237
11003836,四美7237
11003837,四美7237
11003838,四美7237
11003839,四美7237
11003840,四美7237
11003841,四美7237
11003842,四美7237
11003843,四美7237
11003844,四美7237
11003845,四美7237
11003846,四美7237
11003847,四美7237
11003848,四美7237
11003849,四美7237
11003850,四美7237
11003851,四美7237
11003852,四美7237
11003853,四美7237
11003854,四美7237
11003855,四美7237
11003856,四美7237
11003857,四美7237
11003858,四美7237
11003859,四美7237
11003860,四美7237
11003861,四美7237
11003862,四美7237
11003863,四美7237
11003864,四美7237
11003865,四美7237
11003866,四美7237
11003867,四美7237
11003868,四美7237
11003869,四美7237
11003870,四美7237
11003871,四美7237
11003872,四美7237
11003873,四美7237
11003874,四美7237
11003875,四美7237
11003876,四美7237
11003877,四美7237
11003878,四美7237
11003879,四美7237
11003880,四美7237
11003881,四美7237
11003882,四美7237
11003883,四美7237
11003884,四美7237
11003885,四美7237
11003886,四美7237
11003887,四美7237
11003888,四美7237
11003889,四美7237
11003890,四美7237
11003891,四美7237
11003892,四美7237
11003893,四美7237
11003894,四美7237
11003895,四美7237
11003896,四美7237
11003897,四美7237
11003898,四美7237
11003899,四美7237
11003900,四美7237
11003901,四美7237
11003902,四美7237
11003903,四美7237
11003904,四美7237
11003905,四美7237
11003906,四美7237
11003907,四美7237
11003908,四美7237
11003909,四美7237
11003910,四美7237
11003911,四美7237
11003912,四美7237
11003913,四美7237
11003914,四美7237
11003915,四美7237
11003916,四美7237
11003917,四美7237
11003918,四美7237
11003919,四美7237
11003920,四美7237
11003921,四美7237
11003922,四美7237
11003923,四美7237
11003924,四美7237
11003925,四美7237
11003926,四美7237
11003927,四美7237
11003928,四美7237
11003929,四美7237
11003930,四美7237
11003931,四美7237
11003932,四美7237
11003933,四美7237
11003934,四美7237
11003935,四美7237
11003936,四美7237
11003937,四美7237
11003938,四美7237
11003939,四美7237
11003940,四美7237
11003941,四美7237
11003942,四美7237
11003943,四美7237
11003945,四美7237
11003946,四美7237
11003947,四美7237
11003948,四美7237
11003949,四美7237
11003950,四美7237
11003951,四美7237
11003952,四美7237
11003953,四美7237
11003954,四美7237
11003955,四美7237
11003956,四美7237
11003957,四美7237
11003958,四美7237
11003959,四美7237
11003960,四美7237
11003961,四美7237
11003962,四美7237
11003963,四美7237
11003964,四美7237
11003965,四美7237
11003966,四美7237
11003967,四美7237
11003968,四美7237
11003969,四美7237
11003970,四美7237
11003971,四美7237
11003972,四美7237
11003973,四美7237
11003974,四美7237
11003975,四美7237
11003976,四美7237
11003977,四美7237
11003978,四美7237
11003979,四美7237
11003980,四美7237
11003981,四美7237
11003982,四美7237
11003983,四美7237
11003984,四美7237
11003985,四美7237
11003986,四美7237
11003987,四美7237
11003988,四美7237
11003989,四美7237
11003990,四美7237
11003991,四美7237
11003992,四美7237
11003993,四美7237
11003994,四美7237
11003995,四美7237
11003996,四美7237
11003997,四美7237
11003998,四美7237
11003999,四美7237
11004000,四美7237
11004001,四美7237
11004002,四美7237
11004003,四美7237
11004004,四美7237
11004005,四美7237
11004006,四美7237
11004007,四美7237
11004008,四美7237
11004009,四美7237
11004010,四美7237
11004011,四美7237
11004012,四美7237
11004013,四美7237
11004014,四美7237
11004015,四美7237
11004016,四美7237
11004017,四美7237
11004018,四美7237
11004019,四美7237
11004020,四美7237
11004021,四美7237
11004022,四美7237
11004023,四美7237
11004024,四美7237
11004025,四美7237
11004026,四美7237
11004027,四美7237
11004028,四美7237
11004029,四美7237
11004030,四美7237
11004031,四美7237
11004032,四美7237
11004033,四美7237
11004034,四美7237
11004035,四美7237
11004036,四美7237
11004037,四美7237
11004038,四美7237
11004039,四美7237
11004040,四美7237
11004041,四美7237
11004042,四美7237
11004043,四美7237
11004044,四美7237
11004045,四美7237
11004046,四美7237
11004047,四美7237
11004048,四美7237
11004049,四美7237
11004050,四美7237
11004051,四美7237
11004052,四美7237
11004053,四美7237
11004054,四美7237
11004055,四美7237
11004056,四美7237
11004057,四美7237
11004058,四美7237
11004059,四美7237
11004060,四美7237
11004061,四美7237
11004062,四美7237
11004063,四美7237
11004064,四美7237
11004065,四美7237
11004066,四美7237
11004067,四美7237
11004068,四美7237
11004069,四美7237
11004070,四美7237
11004071,四美7237
11004072,四美7237
11004073,四美7237
11004074,四美7237
11004075,四美7237
11004076,四美7237
11004077,四美7237
11004078,四美7237
11004079,四美7237
11004080,四美7237
11004081,四美7237
11004082,四美7237
11004083,四美7237
11004084,四美7237
11004085,四美7237
11004086,四美7237
11004087,四美7237
11004088,四美7237
11004089,四美7237
11004090,四美7237
11004091,四美7237
11004092,四美7237
11004093,四美7237
11004094,四美7237
11004095,四美7237
11004096,四美7237
11004097,四美7237
11004098,四美7237
11004099,四美7237
11004100,四美7237
11004101,四美7237
11004102,四美7237
11004103,四美7237
11004104,四美7237
11004105,四美7237
11004106,四美7237
11004107,四美7237
11004108,四美7237
11004109,四美7237
11004110,四美7237
11004111,四美7237
11004112,四美7237
11004113,四美7237
11004114,四美7237
11004115,四美7237
11004116,四美7237
11004117,四美7237
11004118,四美7237
11004119,四美7237
11004120,四美7237
11004121,四美7237
11004122,四美7237
11004123,四美7237
11004124,四美7237
11004125,四美7237
11004126,四美7237
11004127,四美7237
11004128,四美7237
11004129,四美7237
11004130,四美7237
11004131,四美7237
11004132,四美7237
11004133,四美7237
11004134,四美7237
11004135,四美7237
11004136,四美7237
11004137,四美7237
11004138,四美7237
11004139,四美7237
11004140,四美7237
11004141,四美7237
11004142,四美7237
11004143,四美7237
11004144,四美7237
11004145,四美7237
11004146,四美7237
11004147,四美7237
11004148,四美7237
11004149,四美7237
11004150,四美7237
11004151,四美7237
11004152,四美7237
11004153,四美7237
11004154,四美7237
11004155,四美7237
11004157,四美7237
11004158,四美7237
11004159,四美7237
11004160,四美7237
11004161,四美7237
11004162,四美7237
11004163,四美7237
11004164,四美7237
11004165,四美7237
11004166,四美7237
11004167,四美7237
11004168,四美7237
11004169,四美7237
11004170,四美7237
11004171,四美7237
11004172,四美7237
11004173,四美7237
11004174,四美7237
11004175,四美7237
11004176,四美7237
11004177,四美7237
11004178,四美7237
11004179,四美7237
11004180,四美7237
11004181,四美7237
11004182,四美7237
11004183,四美7237
11004184,四美7237
11004185,四美7237
11004186,四美7237
11004187,四美7237
11004188,四美7237
11004189,四美7237
11004190,四美7237
11004191,四美7237
11004192,四美7237
11004193,四美7237
11004194,四美7237
11004195,四美7237
11004196,四美7237
11004197,四美7237
11004198,四美7237
11004199,四美7237
11004200,四美7237
11004201,四美7237
11004202,四美7237
11004203,四美7237
11004204,四美7237
11004205,四美7237
11004206,四美7237
11004207,四美7237
11004208,四美7237
11004209,四美7237
11004210,四美7237
11004211,四美7237
11004212,四美7237
11004213,四美7237
11004214,四美7237
11004215,四美7237
11004216,四美7237
11004217,四美7237
11004218,四美7237
11004219,四美7237
11004220,四美7237
11004221,四美7237
11004222,四美7237
11004223,四美7237
11004224,四美7237
11004225,四美7237
11004226,四美7237
11004227,四美7237
11004228,四美7237
11004229,四美7237
11004230,四美7237
11004231,四美7237
11004232,四美7237
11004233,四美7237
11004234,四美7237
11004235,四美7237
11004236,四美7237
11004237,四美7237
11004238,四美7237
11004239,四美7237
11004240,四美7237
11004241,四美7237
11004242,四美7237
11004243,四美7237
11004244,四美7237
11004245,四美7237
11004246,四美7237
11004247,四美7237
11004248,四美7237
11004249,四美7237
11004250,四美7237
11004251,四美7237
11004252,四美7237
11004253,四美7237
11004254,四美7237
11004255,四美7237
11004256,四美7237
11004257,四美7237
11004258,四美7237
11004259,四美7237
11004260,四美7237
11004261,四美7237
11004262,四美7237
11004263,四美7237
11004264,四美7237
11004265,四美7237
11004266,四美7237
11004267,四美7237
11004268,四美7237
11004269,四美7237
11004270,四美7237
11004271,四美7237
11004272,四美7237
11004273,四美7237
11004274,四美7237
11004275,四美7237
11004276,四美7237
11004277,四美7237
11004278,四美7237
11004279,四美7237
11004280,四美7237
11004281,四美7237
11004282,四美7237
11004283,四美7237
11004284,四美7237
11004285,四美7237
11004286,四美7237
11004287,四美7237
11004288,四美7237
11004289,四美7237
11004290,四美7237
11004291,四美7237
11004292,四美7237
11004293,四美7237
11004294,四美7237
11004295,四美7237
11004296,四美7237
11004297,四美7237
11004298,四美7237
11004299,四美7237
11004300,四美7237
11004301,四美7237
11004302,四美7237
11004303,四美7237
11004304,四美7237
11004305,四美7237
11004306,四美7237
11004307,四美7237
11004308,四美7237
11004309,四美7237
11004310,四美7237
11004311,四美7237
11004312,四美7237
11004313,四美7237
11004314,四美7237
11004315,四美7237
11004316,四美7237
11004317,四美7237
11004318,四美7237
11004319,四美7237
11004320,四美7237
11004321,四美7237
11004322,四美7237
11004323,四美7237
11004324,四美7237
11004325,四美7237
11004326,四美7237
11004327,四美7237
11004328,四美7237
11004329,四美7237
11004330,四美7237
11004331,四美7237
11004332,四美7237
11004333,四美7237
11004334,四美7237
11004335,四美7237
11004336,四美7237
11004337,四美7237
11004338,四美7237
11004339,四美7237
11004340,四美7237
11004341,四美7237
11004342,四美7237
11004343,四美7237
11004344,四美7237
11004345,四美7237
11004346,四美7237
11004347,四美7237
11004348,四美7237
11004349,四美7237
11004350,四美7237
11004351,四美7237
11004352,四美7237
11004353,四美7237
11004354,四美7237
11004355,四美7237
11004356,四美7237
11004357,四美7237
11004358,四美7237
11004359,四美7237
11004360,四美7237
11004361,四美7237
11004362,四美7237
11004363,四美7237
11004364,四美7237
11004365,四美7237
11004366,四美7237
11004367,四美7237
11004368,四美7237
11004369,四美7237
11004370,四美7237
11004371,四美7237
11004372,四美7237
11004373,四美7237
11004374,四美7237
11004375,四美7237
11004376,四美7237
11004377,四美7237
11004378,四美7237
11004379,四美7237
11004380,四美7237
11004381,四美7237
11004382,四美7237
11004383,四美7237
11004384,四美7237
11004385,四美7237
11004386,四美7237
11004387,四美7237
11004388,四美7237
11004389,四美7237
11004390,四美7237
11004391,四美7237
11004392,四美7237
11004393,四美7237
11004394,四美7237
11004395,四美7237
11004396,四美7237
11004397,四美7237
11004398,四美7237
11004399,四美7237
11004400,四美7237
11004401,四美7237
11004402,四美7237
11004403,四美7237
11004404,四美7237
11004405,四美7237
11004406,四美7237
11004407,四美7237
11004408,四美7237
11004409,四美7237
11004410,四美7237
11004411,四美7237
11004412,四美7237
11004413,四美7237
11004414,四美7237
11004415,四美7237
11004416,四美7237
11004417,四美7237
11004418,四美7237
11004419,四美7237
11004420,四美7237
11004421,四美7237
11004422,四美7237
11004423,四美7237
11004424,四美7237
11004425,四美7237
11004426,四美7237
11004427,四美7237
11004428,四美7237
11004429,四美7237
11004431,四美7237
11004432,四美7237
11004433,四美7237
11004434,四美7237
11004435,四美7237
11004436,四美7237
11004437,四美7237
11004438,四美7237
11004439,四美7237
11004440,四美7237
11004441,四美7237
11004442,四美7237
11004443,四美7237
11004444,四美7237
11004445,四美7237
11004446,四美7237
11004447,四美7237
11004448,四美7237
11004449,四美7237
11004450,四美7237
11004451,四美7237
11004452,四美7237
11004453,四美7237
11004454,四美7237
11004455,四美7237
11004456,四美7237
11004457,四美7237
11004458,四美7237
11004459,四美7237
11004460,四美7237
11004461,四美7237
11004462,四美7237
11004463,四美7237
11004464,四美7237
11004465,四美7237
11004466,四美7237
11004467,四美7237
11004468,四美7237
11004469,四美7237
11004470,四美7237
11004471,四美7237
11004472,四美7237
11004473,四美7237
11004474,四美7237
11004475,四美7237
11004476,四美7237
11004477,四美7237
11004478,四美7237
11004479,四美7237
11004480,四美7237
11004481,四美7237
11004482,四美7237
11004483,四美7237
11004484,四美7237
11004485,四美7237
11004486,四美7237
11004487,四美7237
11004488,四美7237
11004489,四美7237
11004490,四美7237
11004491,四美7237
11004492,四美7237
11004493,四美7237
11004494,四美7237
11004495,四美7237
11004496,四美7237
11004497,四美7237
11004498,四美7237
11004499,四美7237
11004500,四美7237
11004501,四美7237
11004502,四美7237
11004503,四美7237
11004504,四美7237
11004505,四美7237
11004506,四美7237
11004507,四美7237
11004508,四美7237
11004509,四美7237
11004510,四美7237
11004511,四美7237
11004512,四美7237
11004513,四美7237
11004514,四美7237
11004515,四美7237
11004516,四美7237
11004517,四美7237
11004518,四美7237
11004519,四美7237
11004520,四美7237
11004521,四美7237
11004522,四美7237
11004523,四美7237
11004524,四美7237
11004525,四美7237
11004526,四美7237
11004527,四美7237
11004528,四美7237
11004529,四美7237
11004530,四美7237
11004531,四美7237
11004532,四美7237
11004533,四美7237
11004534,四美7237
11004535,四美7237
11004536,四美7237
11004537,四美7237
11004538,四美7237
11004539,四美7237
11004540,四美7237
11004541,四美7237
11004542,四美7237
11004543,四美7237
11004544,四美7237
11004545,四美7237
11004546,四美7237
11004547,四美7237
11004548,四美7237
11004549,四美7237
11004550,四美7237
11004551,四美7237
11004552,四美7237
11004553,四美7237
11004554,四美7237
11004555,四美7237
11004556,四美7237
11004557,四美7237
11004558,四美7237
11004559,四美7237
11004560,四美7237
11004561,四美7237
11004562,四美7237
11004563,四美7237
11004564,四美7237
11004565,四美7237
11004566,四美7237
11004567,四美7237
11004568,四美7237
11004569,四美7237
11004570,四美7237
11004571,四美7237
11004572,四美7237
11004573,四美7237
11004574,四美7237
11004575,四美7237
11004576,四美7237
11004577,四美7237
11004578,四美7237
11004579,四美7237
11004580,四美7237
11004581,四美7237
11004582,四美7237
11004583,四美7237
11004584,四美7237
11004585,四美7237
11004586,四美7237
11004587,四美7237
11004588,四美7237
11004589,四美7237
11004590,四美7237
11004591,四美7237
11004592,四美7237
11004593,四美7237
11004594,四美7237
11004595,四美7237
11004596,四美7237
11004597,四美7237
11004598,四美7237
11004599,四美7237
11004600,四美7237
11004601,四美7237
11004602,四美7237
11004603,四美7237
11004604,四美7237
11004605,四美7237
11004606,四美7237
11004607,四美7237
11004608,四美7237
11004609,四美7237
11004610,四美7237
11004611,四美7237
11004612,四美7237
11004613,四美7237
11004614,四美7237
11004615,四美7237
11004616,四美7237
11004617,四美7237
11004618,四美7237
11004619,四美7237
11004620,四美7237
11004621,四美7237
11004622,四美7237
11004623,四美7237
11004624,四美7237
11004625,四美7237
11004626,四美7237
11004627,四美7237
11004628,四美7237
11004629,四美7237
11004630,四美7237
11004631,四美7237
11004632,四美7237
11004633,四美7237
11004634,四美7237
11004635,四美7237
11004636,四美7237
11004637,四美7237
11004638,四美7237
11004639,四美7237
11004640,四美7237
11004641,四美7237
11004642,四美7237
11004643,四美7237
11004644,四美7237
11004645,四美7237
11004646,四美7237
11004647,四美7237
11004648,四美7237
11004649,四美7237
11004650,四美7237
11004651,四美7237
11004652,四美7237
11004653,四美7237
11004654,四美7237
11004655,四美7237
11004656,四美7237
11004657,四美7237
11004658,四美7237
11004659,四美7237
11004660,四美7237
11004661,四美7237
11004662,四美7237
11004663,四美7237
11004664,四美7237
11004665,四美7237
11004666,四美7237
11004667,四美7237
11004668,四美7237
11004669,四美7237
11004670,四美7237
11004671,四美7237
11004672,四美7237
11004673,四美7237
11004674,四美7237
11004675,四美7237
11004676,四美7237
11004677,四美7237
11004678,四美7237
11004679,四美7237
11004680,四美7237
11004681,四美7237
11004682,四美7237
11004683,四美7237
11004684,四美7237
11004685,四美7237
11004686,四美7237
11004687,四美7237
11004688,四美7237
11004689,四美7237
11004690,四美7237
11004691,四美7237
11004692,四美7237
11004693,四美7237
11004694,四美7237
11004695,四美7237
11004696,四美7237
11004697,四美7237
11004698,四美7237
11004699,四美7237
11004700,四美7237
11004701,四美7237
11004702,四美7237
11004703,四美7237
11004704,四美7237
11004705,四美7237
11004706,四美7237
11004707,四美7237
11004708,四美7237
11004709,四美7237
11004710,四美7237
11004711,四美7237
11004712,四美7237
11004713,四美7237
11004714,四美7237
11004715,四美7237
11004716,四美7237
11004717,四美7237
11004718,四美7237
11004719,四美7237
11004720,四美7237
11004721,四美7237
11004722,四美7237
11004723,四美7237
11004724,四美7237
11004725,四美7237
11004726,四美7237
11004727,四美7237
11004728,四美7237
11004729,四美7237
11004730,四美7237
11004731,四美7237
11004732,四美7237
11004733,四美7237
11004734,四美7237
11004735,四美7237
11004736,四美7237
11004737,四美7237
11004738,四美7237
11004739,四美7237
11004740,四美7237
11004741,四美7237
11004742,四美7237
11004743,四美7237
11004744,四美7237
11004745,四美7237
11004746,四美7237
11004747,四美7237
11004748,四美7237
11004749,四美7237
11004750,四美7237
11004751,四美7237
11004752,四美7237
11004753,四美7237
11004754,四美7237
11004755,四美7237
11004756,四美7237
11004757,四美7237
11004758,四美7237
11004759,四美7237
11004760,四美7237
11004761,四美7237
11004762,四美7237
11004763,四美7237
11004764,四美7237
11004765,四美7237
11004766,四美7237
11004767,四美7237
11004768,四美7237
11004769,四美7237
11004770,四美7237
11004771,四美7237
11004772,四美7237
11004773,四美7237
11004774,四美7237
11004775,四美7237
11004776,四美7237
11004777,四美7237
11004778,四美7237
11004779,四美7237
11004780,四美7237
11004781,四美7237
11004782,四美7237
11004783,四美7237
11004784,四美7237
11004785,四美7237
11004786,四美7237
11004787,四美7237
11004788,四美7237
11004789,四美7237
11004790,四美7237
11004791,四美7237
11004792,四美7237
11004793,四美7237
11004794,四美7237
11004795,四美7237
11004796,四美7237
11004797,四美7237
11004798,四美7237
11004799,四美7237
11004800,四美7237
11004801,四美7237
11004802,四美7237
11004803,四美7237
11004804,四美7237
11004805,四美7237
11004806,四美7237
11004807,四美7237
11004808,四美7237
11004809,四美7237
11004810,四美7237
11004811,四美7237
11004812,四美7237
11004813,四美7237
11004814,四美7237
11004815,四美7237
11004816,四美7237
11004817,四美7237
11004818,四美7237
11004819,四美7237
11004820,四美7237
11004821,四美7237
11004822,四美7237
11004823,四美7237
11004824,四美7237
11004825,四美7237
11004826,四美7237
11004827,四美7237
11004828,四美7237
11004829,四美7237
11004830,四美7237
11004831,四美7237
11004832,四美7237
11004833,四美7237
11004834,四美7237
11004835,四美7237
11004836,四美7237
11004837,四美7237
11004838,四美7237
11004839,四美7237
11004840,四美7237
11004841,四美7237
11004842,四美7237
11004843,四美7237
11004844,四美7237
11004845,四美7237
11004846,四美7237
11004847,四美7237
11004848,四美7237
11004849,四美7237
11004850,四美7237
11004851,四美7237
11004852,四美7237
11004853,四美7237
11004854,四美7237
11004855,四美7237
11004856,四美7237
11004857,四美7237
11004858,四美7237
11004859,四美7237
11004860,四美7237
11004861,四美7237
11004862,四美7237
11004863,四美7237
11004864,四美7237
11004865,四美7237
11004866,四美7237
11004867,四美7237
11004868,四美7237
11004869,四美7237
11004870,四美7237
11004871,四美7237
11004872,四美7237
11004873,四美7237
11004874,四美7237
11004875,四美7237
11004876,四美7237
11004877,四美7237
11004878,四美7237
11004879,四美7237
11004880,四美7237
11004881,四美7237
11004882,四美7237
11004883,四美7237
11004884,四美7237
11004885,四美7237
11004886,四美7237
11004887,四美7237
11004888,四美7237
11004889,四美7237
11004890,四美7237
11004891,四美7237
11004892,四美7237
11004893,四美7237
11004894,四美7237
11004895,四美7237
11004896,四美7237
11004897,四美7237
11004898,四美7237
11004899,四美7237
11004900,四美7237
11004901,四美7237
11004902,四美7237
11004903,四美7237
11004904,四美7237
11004905,四美7237
11004906,四美7237
11004907,四美7237
11004908,四美7237
11004909,四美7237
11004910,四美7237
11004911,四美7237
11004912,四美7237
11004913,四美7237
11004914,四美7237
11004915,四美7237
11004916,四美7237
11004917,四美7237
11004918,四美7237
11004919,四美7237
11004920,四美7237
11004921,四美7237
11004922,四美7237
11004923,四美7237
11004924,四美7237
11004925,四美7237
11004926,四美7237
11004927,四美7237
11004928,四美7237
11004929,四美7237
11004930,四美7237
11004931,四美7237
11004932,四美7237
11004933,四美7237
11004934,四美7237
11004935,四美7237
11004936,四美7237
11004937,四美7237
11004938,四美7237
11004939,四美7237
11004940,四美7237
11004941,四美7237
11004942,四美7237
11004943,四美7237
11004944,四美7237
11004945,四美7237
11004946,四美7237
11004947,四美7237
11004948,四美7237
11004949,四美7237
11004950,四美7237
11004951,四美7237
11004952,四美7237
11004953,四美7237
11004954,四美7237
11004955,四美7237
11004956,四美7237
11004957,四美7237
11004958,四美7237
11004959,四美7237
11004960,四美7237
11004961,四美7237
11004962,四美7237
11004963,四美7237
11004964,四美7237
11004965,四美7237
11004966,四美7237
11004967,四美7237
11004968,四美7237
11004969,四美7237
11004970,四美7237
11004971,四美7237
11004972,四美7237
11004973,四美7237
11004974,四美7237
11004975,四美7237
11004976,四美7237
11004977,四美7237
11004978,四美7237
11004979,四美7237
11004980,四美7237
11004981,四美7237
11004982,四美7237
11004983,四美7237
11004984,四美7237
11004985,四美7237
11004986,四美7237
11004987,四美7237
11004988,四美7237
11004989,四美7237
11004990,四美7237
11004991,四美7237
11004992,四美7237
11004993,四美7237
11004994,四美7237
11004995,四美7237
11004997,四美7237
11004998,四美7237
11004999,四美7237
11005000,四美7237
11005001,四美7237
11005002,四美7237
11005003,四美7237
11005004,四美7237
11005005,四美7237
11005006,四美7237
11005007,四美7237
11005008,四美7237
11005009,四美7237
11005010,四美7237
11005011,四美7237
11005012,四美7237
11005013,四美7237
11005014,四美7237
11005015,四美7237
11005016,四美7237
11005017,四美7237
11005018,四美7237
11005019,四美7237
11005020,四美7237
11005021,四美7237
11005022,四美7237
11005023,四美7237
11005024,四美7237
11005025,四美7237
11005026,四美7237
11005027,四美7237
11005028,四美7237
11005029,四美7237
11005030,四美7237
11005031,四美7237
11005032,四美7237
11005033,四美7237
11005034,四美7237
11005035,四美7237
11005036,四美7237
11005037,四美7237
11005038,四美7237
11005039,四美7237
11005040,四美7237
11005041,四美7237
11005042,四美7237
11005043,四美7237
11005044,四美7237
11005045,四美7237
11005046,四美7237
11005047,四美7237
11005048,四美7237
11005049,四美7237
11005050,四美7237
11005051,四美7237
11005052,四美7237
11005053,四美7237
11005054,四美7237
11005055,四美7237
11005056,四美7237
11005057,四美7237
11005058,四美7237
11005059,四美7237
11005060,四美7237
11005061,四美7237
11005062,四美7237
11005063,四美7237
11005064,四美7237
11005065,四美7237
11005066,四美7237
11005067,四美7237
11005068,四美7237
11005069,四美7237
11005070,四美7237
11005071,四美7237
11005072,四美7237
11005073,四美7237
11005074,四美7237
11005075,四美7237
11005076,四美7237
11005077,四美7237
11005078,四美7237
11005079,四美7237
11005080,四美7237
11005081,四美7237
11005082,四美7237
11005083,四美7237
11005084,四美7237
11005086,四美7237
11005087,四美7237
11005088,四美7237
11005089,四美7237
11005090,四美7237
11005091,四美7237
11005092,四美7237
11005093,四美7237
11005094,四美7237
11005095,四美7237
11005096,四美7237
11005097,四美7237
11005098,四美7237
11005099,四美7237
11005100,四美7237
11005101,四美7237
11005102,四美7237
11005103,四美7237
11005104,四美7237
11005105,四美7237
11005106,四美7237
11005107,四美7237
11005108,四美7237
11005109,四美7237
11005110,四美7237
11005111,四美7237
11005112,四美7237
11005113,四美7237
11005114,四美7237
11005115,四美7237
11005116,四美7237
11005117,四美7237
11005118,四美7237
11005119,四美7237
11005120,四美7237
11005121,四美7237
11005122,四美7237
11005123,四美7237
11005124,四美7237
11005125,四美7237
11005126,四美7237
11005127,四美7237
11005128,四美7237
11005129,四美7237
11005130,四美7237
11005131,四美7237
11005132,四美7237
11005133,四美7237
11005134,四美7237
11005135,四美7237
11005136,四美7237
11005137,四美7237
11005138,四美7237
11005139,四美7237
11005140,四美7237
11005141,四美7237
11005142,四美7237
11005143,四美7237
11005144,四美7237
11005145,四美7237
11005146,四美7237
11005147,四美7237
11005148,四美7237
11005149,四美7237
11005150,四美7237
11005151,四美7237
11005152,四美7237
11005153,四美7237
11005154,四美7237
11005155,四美7237
11005156,四美7237
11005157,四美7237
11005158,四美7237
11005159,四美7237
11005160,四美7237
11005161,四美7237
11005162,四美7237
11005163,四美7237
11005164,四美7237
11005165,四美7237
11005166,四美7237
11005167,四美7237
11005168,四美7237
11005169,四美7237
11005170,四美7237
11005171,四美7237
11005172,四美7237
11005173,四美7237
11005174,四美7237
11005175,四美7237
11005176,四美7237
11005177,四美7237
11005178,四美7237
11005179,四美7237
11005180,四美7237
11005181,四美7237
11005182,四美7237
11005183,四美7237
11005184,四美7237
11005185,四美7237
11005186,四美7237
11005187,四美7237
11005188,四美7237
11005189,四美7237
11005190,四美7237
11005191,四美7237
11005192,四美7237
11005193,四美7237
11005194,四美7237
11005195,四美7237
11005196,四美7237
11005197,四美7237
11005198,四美7237
11005199,四美7237
11005200,四美7237
11005201,四美7237
11005202,四美7237
11005203,四美7237
11005204,四美7237
11005205,四美7237
11005206,四美7237
11005207,四美7237
11005208,四美7237
11005209,四美7237
11005210,四美7237
11005211,四美7237
11005212,四美7237
11005213,四美7237
11005214,四美7237
11005215,四美7237
11005216,四美7237
11005217,四美7237
11005218,四美7237
11005219,四美7237
11005220,四美7237
11005221,四美7237
11005222,四美7237
11005223,四美7237
11005224,四美7237
11005225,四美7237
11005226,四美7237
11005227,四美7237
11005228,四美7237
11005229,四美7237
11005230,四美7237
11005231,四美7237
11005232,四美7237
11005233,四美7237
11005234,四美7237
11005235,四美7237
11005236,四美7237
11005237,四美7237
11005238,四美7237
11005239,四美7237
11005240,四美7237
11005241,四美7237
11005242,四美7237
11005243,四美7237
11005244,四美7237
11005245,四美7237
11005246,四美7237
11005247,四美7237
11005248,四美7237
11005249,四美7237
11005250,四美7237
11005251,四美7237
11005252,四美7237
11005253,四美7237
11005254,四美7237
11005255,四美7237
11005256,四美7237
11005257,四美7237
11005258,四美7237
11005259,四美7237
11005260,四美7237
11005261,四美7237
11005262,四美7237
11005263,四美7237
11005264,四美7237
11005265,四美7237
11005266,四美7237
11005267,四美7237
11005268,四美7237
11005269,四美7237
11005270,四美7237
11005271,四美7237
11005272,四美7237
11005273,四美7237
11005274,四美7237
11005275,四美7237
11005276,四美7237
11005277,四美7237
11005278,四美7237
11005279,四美7237
11005280,四美7237
11005281,四美7237
11005282,四美7237
11005283,四美7237
11005284,四美7237
11005285,四美7237
11005286,四美7237
11005287,四美7237
11005288,四美7237
11005289,四美7237
11005290,四美7237
11005291,四美7237
11005292,四美7237
11005293,四美7237
11005294,四美7237
11005295,四美7237
11005296,四美7237
11005297,四美7237
11005298,四美7237
11005299,四美7237
11005300,四美7237
11005301,四美7237
11005302,四美7237
11005303,四美7237
11005304,四美7237
11005305,四美7237
11005306,四美7237
11005307,四美7237
11005308,四美7237
11005309,四美7237
11005310,四美7237
11005311,四美7237
11005312,四美7237
11005313,四美7237
11005314,四美7237
11005315,四美7237
11005316,四美7237
11005317,四美7237
11005318,四美7237
11005319,四美7237
11005320,四美7237
11005321,四美7237
11005322,四美7237
11005323,四美7237
11005324,四美7237
11005325,四美7237
11005326,四美7237
11005327,四美7237
11005328,四美7237
11005329,四美7237
11005330,四美7237
11005331,四美7237
11005332,四美7237
11005333,四美7237
11005334,四美7237
11005335,四美7237
11005336,四美7237
11005337,四美7237
11005338,四美7237
11005339,四美7237
11005340,四美7237
11005341,四美7237
11005342,四美7237
11005343,四美7237
11005344,四美7237
11005345,四美7237
11005346,四美7237
11005347,四美7237
11005348,四美7237
11005349,四美7237
11005350,四美7237
11005351,四美7237
11005352,四美7237
11005353,四美7237
11005354,四美7237
11005355,四美7237
11005356,四美7237
11005357,四美7237
11005358,四美7237
11005359,四美7237
11005360,四美7237
11005361,四美7237
11005362,四美7237
11005363,四美7237
11005364,四美7237
11005365,四美7237
11005366,四美7237
11005367,四美7237
11005368,四美7237
11005369,四美7237
11005370,四美7237
11005371,四美7237
11005372,四美7237
11005373,四美7237
11005374,四美7237
11005375,四美7237
11005376,四美7237
11005377,四美7237
11005378,四美7237
11005379,四美7237
11005380,四美7237
11005381,四美7237
11005382,四美7237
11005383,四美7237
11005384,四美7237
11005385,四美7237
11005386,四美7237
11005387,四美7237
11005388,四美7237
11005389,四美7237
11005390,四美7237
11005391,四美7237
11005392,四美7237
11005393,四美7237
11005394,四美7237
11005395,四美7237
11005396,四美7237
11005397,四美7237
11005398,四美7237
11005399,四美7237
11005400,四美7237
11005401,四美7237
11005402,四美7237
11005403,四美7237
11005404,四美7237
11005405,四美7237
11005406,四美7237
11005407,四美7237
11005408,四美7237
11005409,四美7237
11005410,四美7237
11005411,四美7237
11005412,四美7237
11005413,四美7237
11005414,四美7237
11005415,四美7237
11005416,四美7237
11005417,四美7237
11005418,四美7237
11005419,四美7237
11005420,四美7237
11005421,四美7237
11005422,四美7237
11005423,四美7237
11005424,四美7237
11005425,四美7237
11005426,四美7237
11005427,四美7237
11005428,四美7237
11005429,四美7237
11005430,四美7237
11005431,四美7237
11005432,四美7237
11005433,四美7237
11005434,四美7237
11005435,四美7237
11005436,四美7237
11005437,四美7237
11005438,四美7237
11005439,四美7237
11005440,四美7237
11005441,四美7237
11005442,四美7237
11005443,四美7237
11005444,四美7237
11005445,四美7237
11005446,四美7237
11005447,四美7237
11005448,四美7237
11005449,四美7237
11005450,四美7237
11005451,四美7237
11005452,四美7237
11005453,四美7237
11005454,四美7237
11005455,四美7237
11005456,四美7237
11005457,四美7237
11005458,四美7237
11005459,四美7237
11005460,四美7237
11005461,四美7237
11005462,四美7237
11005463,四美7237
11005464,四美7237
11005465,四美7237
11005466,四美7237
11005467,四美7237
11005468,四美7237
11005469,四美7237
11005470,四美7237
11005471,四美7237
11005472,四美7237
11005473,四美7237
11005474,四美7237
11005475,四美7237
11005476,四美7237
11005477,四美7237
11005478,四美7237
11005479,四美7237
11005480,四美7237
11005481,四美7237
11005482,四美7237
11005483,四美7237
11005484,四美7237
11005485,四美7237
11005486,四美7237
11005487,四美7237
11005488,四美7237
11005489,四美7237
11005490,四美7237
11005491,四美7237
11005492,四美7237
11005493,四美7237
11005494,四美7237
11005495,四美7237
11005496,四美7237
11005497,四美7237
11005498,四美7237
11005499,四美7237
11005500,四美7237
11005501,四美7237
11005502,四美7237
11005503,四美7237
11005504,四美7237
11005505,四美7237
11005506,四美7237
11005507,四美7237
11005508,四美7237
11005509,四美7237
11005510,四美7237
11005511,四美7237
11005512,四美7237
11005513,四美7237
11005514,四美7237
11005515,四美7237
11005516,四美7237
11005517,四美7237
11005518,四美7237
11005519,四美7237
11005520,四美7237
11005521,四美7237
11005522,四美7237
11005523,四美7237
11005524,四美7237
11005525,四美7237
11005526,四美7237
11005527,四美7237
11005528,四美7237
11005529,四美7237
11005530,四美7237
11005531,四美7237
11005532,四美7237
11005533,四美7237
11005534,四美7237
11005535,四美7237
11005536,四美7237
11005537,四美7237
11005538,四美7237
11005539,四美7237
11005540,四美7237
11005541,四美7237
11005542,四美7237
11005543,四美7237
11005544,四美7237
11005545,四美7237
11005546,四美7237
11005547,四美7237
11005548,四美7237
11005549,四美7237
11005550,四美7237
11005551,四美7237
11005552,四美7237
11005553,四美7237
11005554,四美7237
11005555,四美7237
11005556,四美7237
11005557,四美7237
11005558,四美7237
11005559,四美7237
11005560,四美7237
11005561,四美7237
11005562,四美7237
11005563,四美7237
11005564,四美7237
11005565,四美7237
11005566,四美7237
11005567,四美7237
11005568,四美7237
11005569,四美7237
11005570,四美7237
11005571,四美7237
11005572,四美7237
11005573,四美7237
11005574,四美7237
11005575,四美7237
11005576,四美7237
11005577,四美7237
11005578,四美7237
11005579,四美7237
11005580,四美7237
11005581,四美7237
11005582,四美7237
11005583,四美7237
11005584,四美7237
11005585,四美7237
11005586,四美7237
11005587,四美7237
11005588,四美7237
11005589,四美7237
11005590,四美7237
11005591,四美7237
11005592,四美7237
11005593,四美7237
11005594,四美7237
11005595,四美7237
11005596,四美7237
11005597,四美7237
11005598,四美7237
11005599,四美7237
11005600,四美7237
11005601,四美7237
11005602,四美7237
11005603,四美7237
11005604,四美7237
11005605,四美7237
11005606,四美7237
11005607,四美7237
11005608,四美7237
11005609,四美7237
11005610,四美7237
11005611,四美7237
11005612,四美7237
11005613,四美7237
11005614,四美7237
11005615,四美7237
11005616,四美7237
11005617,四美7237
11005618,四美7237
11005619,四美7237
11005620,四美7237
11005621,四美7237
11005622,四美7237
11005623,四美7237
11005624,四美7237
11005625,四美7237
11005626,四美7237
11005627,四美7237
11005628,四美7237
11005629,四美7237
11005630,四美7237
11005631,四美7237
11005632,四美7237
11005633,四美7237
11005634,四美7237
11005635,四美7237
11005636,四美7237
11005637,四美7237
11005638,四美7237
11005639,四美7237
11005640,四美7237
11005641,四美7237
11005642,四美7237
11005643,四美7237
11005644,四美7237
11005645,四美7237
11005646,四美7237
11005647,四美7237
11005648,四美7237
11005649,四美7237
11005650,四美7237
11005651,四美7237
11005652,四美7237
11005653,四美7237
11005654,四美7237
11005655,四美7237
11005656,四美7237
11005657,四美7237
11005658,四美7237
11005659,四美7237
11005660,四美7237
11005661,四美7237
11005662,四美7237
11005663,四美7237
11005664,四美7237
11005665,四美7237
11005666,四美7237
11005667,四美7237
11005668,四美7237
11005669,四美7237
11005670,四美7237
11005671,四美7237
11005672,四美7237
11005673,四美7237
11005674,四美7237
11005675,四美7237
11005676,四美7237
11005677,四美7237
11005678,四美7237
11005679,四美7237
11005680,四美7237
11005681,四美7237
11005682,四美7237
11005683,四美7237
11005684,四美7237
11005685,四美7237
11005686,四美7237
11005687,四美7237
11005688,四美7237
11005689,四美7237
11005690,四美7237
11005691,四美7237
11005692,四美7237
11005693,四美7237
11005694,四美7237
11005695,四美7237
11005696,四美7237
11005697,四美7237
11005698,四美7237
11005699,四美7237
11005700,四美7237
11005701,四美7237
11005702,四美7237
11005703,四美7237
11005704,四美7237
11005705,四美7237
11005706,四美7237
11005707,四美7237
11005708,四美7237
11005709,四美7237
11005710,四美7237
11005711,四美7237
11005712,四美7237
11005713,四美7237
11005714,四美7237
11005715,四美7237
11005716,四美7237
11005717,四美7237
11005718,四美7237
11005719,四美7237
11005720,四美7237
11005721,四美7237
11005722,四美7237
11005723,四美7237
11005724,四美7237
11005725,四美7237
11005726,四美7237
11005727,四美7237
11005728,四美7237
11005729,四美7237
11005730,四美7237
11005731,四美7237
11005732,四美7237
11005733,四美7237
11005734,四美7237
11005735,四美7237
11005736,四美7237
11005737,四美7237
11005738,四美7237
11005739,四美7237
11005740,四美7237
11005741,四美7237
11005742,四美7237
11005743,四美7237
11005744,四美7237
11005745,四美7237
11005746,四美7237
11005747,四美7237
11005748,四美7237
11005749,四美7237
11005750,四美7237
11005751,四美7237
11005752,四美7237
11005753,四美7237
11005754,四美7237
11005755,四美7237
11005756,四美7237
11005757,四美7237
11005758,四美7237
11005759,四美7237
11005760,四美7237
11005761,四美7237
11005762,四美7237
11005763,四美7237
11005764,四美7237
11005765,四美7237
11005766,四美7237
11005767,四美7237
11005768,四美7237
11005769,四美7237
11005770,四美7237
11005771,四美7237
11005772,四美7237
11005773,四美7237
11005774,四美7237
11005775,四美7237
11005776,四美7237
11005777,四美7237
11005778,四美7237
11005779,四美7237
11005780,四美7237
11005781,四美7237
11005982,四美7237
11005983,四美7237
11005984,四美7237
11005985,四美7237
11005986,四美7237
11005987,四美7237
11005988,四美7237
11005989,四美7237
11005990,四美7237
11005991,四美7237
11005992,四美7237
11005993,四美7237
11005994,四美7237
11005995,四美7237
11005996,四美7237
11005997,四美7237
11005998,四美7237
11005999,四美7237
11006000,四美7237
11006001,四美7237
11006002,四美7237
11006003,四美7237
11006004,四美7237
11006005,四美7237
11006006,四美7237
11006007,四美7237
11006008,四美7237
11006009,四美7237
11006010,四美7237
11006011,四美7237
11006012,四美7237
11006013,四美7237
11006014,四美7237
11006015,四美7237
11006016,四美7237
11006017,四美7237
11006018,四美7237
11006019,四美7237
11006020,四美7237
11006021,四美7237
11006022,四美7237
11006023,四美7237
11006024,四美7237
11006025,四美7237
11006026,四美7237
11006027,四美7237
11006028,四美7237
11006029,四美7237
11006030,四美7237
11006031,四美7237
11006032,四美7237
11006033,四美7237
11006034,四美7237
11006035,四美7237
11006036,四美7237
11006038,四美7237
11006039,四美7237
11006041,四美7237
11006042,四美7237
11006043,四美7237
11006094,四美7237
11006095,四美7237
11006096,四美7237
11006097,四美7237
11006098,四美7237
11006099,四美7237
11006100,四美7237
11006101,四美7237
11006102,四美7237
11006103,四美7237
11006104,四美7237
11006105,四美7237
11006106,四美7237
11006107,四美7237
11006108,四美7237
11006109,四美7237
11006110,四美7237
11006111,四美7237
11006112,四美7237
11006113,四美7237
11006114,四美7237
11006115,四美7237
11006116,四美7237
11006117,四美7237
11006118,四美7237
11006119,四美7237
11006120,四美7237
11006121,四美7237
11006122,四美7237
11006123,四美7237
11006124,四美7237
11006125,四美7237
11006126,四美7237
11006127,四美7237
11006128,四美7237
11006129,四美7237
11006130,四美7237
11006131,四美7237
11006132,四美7237
11006133,四美7237
11006134,四美7237
11006135,四美7237
11006136,四美7237
11006137,四美7237
11006138,四美7237
11006139,四美7237
11006140,四美7237
11006141,四美7237
11006142,四美7237
11006143,四美7237
11006144,四美7237
11006145,四美7237
11006146,四美7237
11006147,四美7237
11006148,四美7237
11006149,四美7237
11006150,四美7237
11006151,四美7237
11006152,四美7237
11006153,四美7237
11006154,四美7237
11006155,四美7237
11006156,四美7237
11006157,四美7237
11006158,四美7237
11006159,四美7237
11006160,四美7237
11006161,四美7237
11006162,四美7237
11006163,四美7237
11006164,四美7237
11006165,四美7237
11006166,四美7237
11006167,四美7237
11006168,四美7237
11006169,四美7237
11006170,四美7237
11006171,四美7237
11006172,四美7237
11006173,四美7237
11006174,四美7237
11006175,四美7237
11006176,四美7237
11006177,四美7237
11006178,四美7237
11006179,四美7237
11006180,四美7237
11006181,四美7237
11006182,四美7237
11006183,四美7237
11006184,四美7237
11006185,四美7237
11006186,四美7237
11006187,四美7237
11006188,四美7237
11006189,四美7237
11006190,四美7237
11006191,四美7237
11006192,四美7237
11006193,四美7237
11006195,四美7237
11006196,四美7237
11006197,四美7237
11006198,四美7237
11006200,四美7237
11006201,四美7237
11006202,四美7237
11006203,四美7237
11006205,四美7237
11006206,四美7237
11006207,四美7237
11006208,四美7237
11006209,四美7237
11006212,四美7237
11006215,四美7237
11006216,四美7237
11006217,四美7237
11006218,四美7237
11006219,四美7237
11006220,四美7237
11006524,四美7237
11006525,四美7237
11006526,四美7237
11006527,四美7237
11006528,四美7237
11006529,四美7237
11006530,四美7237
11006531,四美7237
11006532,四美7237
11006533,四美7237
11006534,四美7237
11006535,四美7237
11006536,四美7237
11006537,四美7237
11006538,四美7237
11006539,四美7237
11006540,四美7237
11006541,四美7237
11006542,四美7237
11006543,四美7237
11006544,四美7237
11006545,四美7237
11006546,四美7237
11006547,四美7237
11006548,四美7237
11006549,四美7237
11006550,四美7237
11006551,四美7237
11006552,四美7237
11006553,四美7237
11006554,四美7237
11006555,四美7237
11006556,四美7237
11006557,四美7237
11006558,四美7237
11006559,四美7237
11006560,四美7237
11006561,四美7237
11006562,四美7237
11006563,四美7237
11006564,四美7237
11006565,四美7237
11006566,四美7237
11006567,四美7237
11006568,四美7237
11006569,四美7237
11006570,四美7237
11006571,四美7237
11006572,四美7237
11006573,四美7237
11006574,四美7237
11006575,四美7237
11006576,四美7237
11006577,四美7237
11006578,四美7237
11006579,四美7237
11006580,四美7237
11006581,四美7237
11006582,四美7237
11006583,四美7237
11006584,四美7237
11006585,四美7237
11006586,四美7237
11006587,四美7237
11006588,四美7237
11006589,四美7237
11006590,四美7237
11006591,四美7237
11006592,四美7237
11006593,四美7237
11006594,四美7237
11006595,四美7237
11006596,四美7237
11006597,四美7237
11006598,四美7237
11006599,四美7237
11006600,四美7237
11006601,四美7237
11006602,四美7237
11006603,四美7237
11006604,四美7237
11006605,四美7237
11006606,四美7237
11006607,四美7237
11006608,四美7237
11006609,四美7237
11006610,四美7237
11006611,四美7237
11006612,四美7237
11006613,四美7237
11006614,四美7237
11006615,四美7237
11006616,四美7237
11006617,四美7237
11006618,四美7237
11006619,四美7237
11006620,四美7237
11006621,四美7237
11006622,四美7237
11006623,四美7237
11006624,四美7237
11006625,四美7237
11006626,四美7237
11006627,四美7237
11006628,四美7237
11006629,四美7237
11006630,四美7237
11006631,四美7237
11006632,四美7237
11006633,四美7237
11006634,四美7237
11006635,四美7237
11006636,四美7237
11006637,四美7237
11006638,四美7237
11006639,四美7237
11006640,四美7237
11006641,四美7237
11006642,四美7237
11006643,四美7237
11006644,四美7237
11006645,四美7237
11006646,四美7237
11006647,四美7237
11006648,四美7237
11006649,四美7237
11006650,四美7237
11006651,四美7237
11006652,四美7237
11006653,四美7237
11006654,四美7237
11006655,四美7237
11006656,四美7237
11006657,四美7237
11006658,四美7237
11006659,四美7237
11006660,四美7237
11006661,四美7237
11006662,四美7237
11006663,四美7237
11006664,四美7237
11006665,四美7237
11006666,四美7237
11006667,四美7237
11006668,四美7237
11006669,四美7237
11006670,四美7237
11006671,四美7237
11006672,四美7237
11006673,四美7237
11006674,四美7237
11006675,四美7237
11006676,四美7237
11006677,四美7237
11006678,四美7237
11006679,四美7237
11006680,四美7237
11006681,四美7237
11006682,四美7237
11006683,四美7237
11006684,四美7237
11006685,四美7237
11006686,四美7237
11006687,四美7237
11006688,四美7237
11006689,四美7237
11006690,四美7237
11006691,四美7237
11006692,四美7237
11006693,四美7237
11006694,四美7237
11006695,四美7237
11006696,四美7237
11006697,四美7237
11006698,四美7237
11006699,四美7237
11006700,四美7237
11006701,四美7237
11006702,四美7237
11006703,四美7237
11006704,四美7237
11006705,四美7237
11006706,四美7237
11006707,四美7237
11006708,四美7237
11006709,四美7237
11006710,四美7237
11006711,四美7237
11006712,四美7237
11006713,四美7237
11006714,四美7237
11006715,四美7237
11006716,四美7237
11006717,四美7237
11006718,四美7237
11006719,四美7237
11006720,四美7237
11006721,四美7237
11006722,四美7237
11006723,四美7237
11006724,四美7237
11006725,四美7237
11006726,四美7237
11006727,四美7237
11006728,四美7237
11006729,四美7237
11006730,四美7237
11006731,四美7237
11006732,四美7237
11006733,四美7237
11006734,四美7237
11006735,四美7237
11006736,四美7237
11006737,四美7237
11006738,四美7237
11006739,四美7237
11006740,四美7237
11006741,四美7237
11006742,四美7237
11006743,四美7237
11006744,四美7237
11006745,四美7237
11006746,四美7237
11006747,四美7237
11006748,四美7237
11006749,四美7237
11006750,四美7237
11006751,四美7237
11006752,四美7237
11006753,四美7237
11006754,四美7237
11006755,四美7237
11006756,四美7237
11006757,四美7237
11006758,四美7237
11006759,四美7237
11006760,四美7237
11006761,四美7237
11006762,四美7237
11006763,四美7237
11006764,四美7237
11006765,四美7237
11006766,四美7237
11006767,四美7237
11006768,四美7237
11006769,四美7237
11006770,四美7237
11006771,四美7237
11006772,四美7237
11006773,四美7237
11006775,四美7237
11006776,四美7237
11006777,四美7237
11006778,四美7237
11006779,四美7237
11006780,四美7237
11006781,四美7237
11006782,四美7237
11006783,四美7237
11006784,四美7237
11006785,四美7237
11006786,四美7237
11006787,四美7237
11006788,四美7237
11006789,四美7237
11006790,四美7237
11006791,四美7237
11006792,四美7237
11006793,四美7237
11006794,四美7237
11006795,四美7237
11006796,四美7237
11006797,四美7237
11006798,四美7237
11006799,四美7237
11006800,四美7237
11006801,四美7237
11006802,四美7237
11006803,四美7237
11006804,四美7237
12200003,海池7237
12200004,海池7237
12200005,海池7237
12200006,海池7237
12200007,海池7237
12200008,海池7237
12200009,海池7237
12200010,海池7237
12200011,海池7237
12200012,海池7237
12200013,海池7237
12200014,海池7237
12200015,海池7237
12200016,海池7237
12200017,海池7237
12200018,海池7237
12200019,海池7237
12200020,海池7237
12200021,海池7237
12200022,海池7237
12200023,海池7237
12200024,海池7237
12200025,海池7237
12200026,海池7237
12200027,海池7237
12200028,海池7237
12200029,海池7237
12200030,海池7237
12200031,海池7237
12200032,海池7237
12200033,海池7237
12200034,海池7237
12200035,海池7237
12200036,海池7237
12200037,海池7237
12200038,海池7237
12200039,海池7237
12200040,海池7237
12200041,海池7237
12200042,海池7237
12200043,海池7237
12200044,海池7237
12200045,海池7237
12200046,海池7237
12200047,海池7237
12200048,海池7237
12200049,海池7237
12200050,海池7237
12200051,海池7237
12200052,海池7237
12200053,海池7237
12200054,海池7237
12200055,海池7237
12200056,海池7237
12200057,海池7237
12200058,海池7237
12200059,海池7237
12200060,海池7237
12200061,海池7237
12200062,海池7237
12200063,海池7237
12200064,海池7237
12200065,海池7237
12200066,海池7237
12200067,海池7237
12200068,海池7237
12200069,海池7237
12200070,海池7237
12200071,海池7237
12200072,海池7237
12200073,海池7237
12200074,海池7237
12200075,海池7237
12200076,海池7237
12200077,海池7237
12200078,海池7237
12200079,海池7237
12200080,海池7237
12200081,海池7237
12200082,海池7237
12200083,海池7237
12200084,海池7237
12200085,海池7237
12200086,海池7237
12200087,海池7237
12200088,海池7237
12200089,海池7237
12200090,海池7237
12200091,海池7237
12200092,海池7237
12200093,海池7237
12200094,海池7237
12200095,海池7237
12200096,海池7237
12200097,海池7237
12200098,海池7237
12200099,海池7237
12200100,海池7237
12200101,海池7237
12200102,海池7237
12200103,海池7237
12200104,海池7237
12200105,海池7237
12200106,海池7237
12200107,海池7237
12200108,海池7237
12200109,海池7237
12200110,海池7237
12200111,海池7237
12200112,海池7237
12200113,海池7237
12200114,海池7237
12200115,海池7237
12200116,海池7237
12200117,海池7237
12200118,海池7237
12200119,海池7237
12200120,海池7237
12200121,海池7237
12200122,海池7237
12200123,海池7237
12200124,海池7237
12200125,海池7237
12200126,海池7237
12200127,海池7237
12200128,海池7237
12200129,海池7237
12200130,海池7237
12200131,海池7237
12200132,海池7237
12200133,海池7237
12200134,海池7237
12200135,海池7237
12200136,海池7237
12200137,海池7237
12200138,海池7237
12200139,海池7237
12200140,海池7237
12200141,海池7237
12200142,海池7237
12200143,海池7237
12200144,海池7237
12200145,海池7237
12200146,海池7237
12200147,海池7237
12200148,海池7237
12200149,海池7237
12200150,海池7237
12200151,海池7237
12200152,海池7237
12200153,海池7237
12200154,海池7237
12200155,海池7237
12200156,海池7237
12200157,海池7237
12200158,海池7237
12200159,海池7237
12200160,海池7237
12200161,海池7237
12200162,海池7237
12200163,海池7237
12200164,海池7237
12200165,海池7237
12200166,海池7237
12200167,海池7237
12200168,海池7237
12200169,海池7237
12200170,海池7237
12200171,海池7237
12200172,海池7237
12200173,海池7237
12200174,海池7237
12200175,海池7237
12200176,海池7237
12200177,海池7237
12200178,海池7237
12200179,海池7237
12200180,海池7237
12200181,海池7237
12200182,海池7237
12200183,海池7237
12200184,海池7237
12200185,海池7237
12200186,海池7237
12200187,海池7237
12200188,海池7237
12200189,海池7237
12200190,海池7237
12200191,海池7237
12200192,海池7237
12200193,海池7237
12200194,海池7237
12200195,海池7237
12200196,海池7237
12200197,海池7237
12200198,海池7237
12200199,海池7237
12200200,海池7237
12200201,海池7237
12200202,海池7237
12200203,海池7237
12200204,海池7237
12200205,海池7237
12200206,海池7237
12200207,海池7237
12200208,海池7237
12200209,海池7237
12200210,海池7237
12200211,海池7237
12200212,海池7237
12200213,海池7237
12200214,海池7237
12200215,海池7237
12200216,海池7237
12200217,海池7237
12200218,海池7237
12200219,海池7237
12200220,海池7237
12200221,海池7237
12200222,海池7237
12200223,海池7237
12200224,海池7237
12200225,海池7237
12200226,海池7237
12200227,海池7237
12200228,海池7237
12200229,海池7237
12200230,海池7237
12200231,海池7237
12200232,海池7237
12200233,海池7237
12200234,海池7237
12200235,海池7237
12200236,海池7237
12200237,海池7237
12200238,海池7237
12200239,海池7237
12200240,海池7237
12200241,海池7237
12200242,海池7237
12200243,海池7237
12200244,海池7237
12200245,海池7237
12200246,海池7237
12200247,海池7237
12200248,海池7237
12200249,海池7237
12200250,海池7237
12200251,海池7237
12200252,海池7237
12200253,海池7237
12200254,海池7237
12200255,海池7237
12200256,海池7237
12200257,海池7237
12200258,海池7237
12200259,海池7237
12200260,海池7237
12200261,海池7237
12200262,海池7237
12200263,海池7237
12200264,海池7237
12200265,海池7237
12200266,海池7237
12200267,海池7237
12200268,海池7237
12200269,海池7237
12200270,海池7237
12200271,海池7237
12200272,海池7237
12200273,海池7237
12200274,海池7237
12200275,海池7237
12200276,海池7237
12200277,海池7237
12200278,海池7237
12200279,海池7237
12200280,海池7237
12200281,海池7237
12200282,海池7237
12200283,海池7237
12200284,海池7237
12200285,海池7237
12200286,海池7237
12200287,海池7237
12200288,海池7237
12200289,海池7237
12200290,海池7237
12200291,海池7237
12200292,海池7237
12200293,海池7237
12200294,海池7237
12200295,海池7237
12200296,海池7237
12200297,海池7237
12200298,海池7237
12200299,海池7237
12200300,海池7237
12200301,海池7237
12200302,海池7237
12200303,海池7237
12200304,海池7237
12200305,海池7237
12200306,海池7237
12200307,海池7237
12200308,海池7237
12200309,海池7237
12200310,海池7237
12200311,海池7237
12200312,海池7237
12200313,海池7237
12200314,海池7237
12200315,海池7237
12200316,海池7237
12200317,海池7237
12200318,海池7237
12200319,海池7237
12200320,海池7237
12200321,海池7237
12200322,海池7237
12200323,海池7237
12200324,海池7237
12200325,海池7237
12200326,海池7237
12200327,海池7237
12200328,海池7237
12200329,海池7237
12200330,海池7237
12200331,海池7237
12200332,海池7237
12200333,海池7237
12200334,海池7237
12200335,海池7237
12200336,海池7237
12200337,海池7237
12200338,海池7237
12200339,海池7237
12200340,海池7237
12200341,海池7237
12200342,海池7237
12200343,海池7237
12200344,海池7237
12200345,海池7237
12200346,海池7237
12200347,海池7237
12200348,海池7237
12200349,海池7237
12200350,海池7237
12200351,海池7237
12200352,海池7237
12200353,海池7237
12200354,海池7237
12200355,海池7237
12200356,海池7237
12200357,海池7237
12200358,海池7237
12200359,海池7237
12200360,海池7237
12200361,海池7237
12200362,海池7237
12200363,海池7237
12200364,海池7237
12200365,海池7237
12200366,海池7237
12200367,海池7237
12200368,海池7237
12200369,海池7237
12200370,海池7237
12200371,海池7237
12200372,海池7237
12200373,海池7237
12200374,海池7237
12200375,海池7237
12200376,海池7237
12200377,海池7237
12200378,海池7237
12200379,海池7237
12200380,海池7237
12200381,海池7237
12200382,海池7237
12200383,海池7237
12200384,海池7237
12200385,海池7237
12200386,海池7237
12200387,海池7237
12200388,海池7237
12200389,海池7237
12200390,海池7237
12200391,海池7237
12200392,海池7237
12200393,海池7237
12200394,海池7237
12200395,海池7237
12200396,海池7237
12200397,海池7237
12200398,海池7237
12200399,海池7237
12200400,海池7237
12200401,海池7237
12200402,海池7237
12200403,海池7237
12200404,海池7237
12200405,海池7237
12200406,海池7237
12200407,海池7237
12200408,海池7237
12200409,海池7237
12200410,海池7237
12200411,海池7237
12200412,海池7237
12200413,海池7237
12200414,海池7237
12200415,海池7237
12200416,海池7237
12200417,海池7237
12200418,海池7237
12200419,海池7237
12200420,海池7237
12200421,海池7237
12200422,海池7237
12200423,海池7237
12200424,海池7237
12200425,海池7237
12200426,海池7237
12200427,海池7237
12200428,海池7237
12200429,海池7237
12200430,海池7237
12200431,海池7237
12200432,海池7237
12200433,海池7237
12200434,海池7237
12200435,海池7237
12200436,海池7237
12200437,海池7237
12200438,海池7237
12200439,海池7237
12200440,海池7237
12200441,海池7237
12200442,海池7237
12200443,海池7237
12200444,海池7237
12200445,海池7237
12200446,海池7237
12200447,海池7237
12200448,海池7237
12200449,海池7237
12200450,海池7237
12200451,海池7237
12200452,海池7237
12200453,海池7237
12200454,海池7237
12200455,海池7237
12200456,海池7237
12200457,海池7237
12200458,海池7237
12200459,海池7237
12200460,海池7237
12200461,海池7237
12200462,海池7237
12200463,海池7237
12200464,海池7237
12200465,海池7237
12200466,海池7237
12200467,海池7237
12200468,海池7237
12200469,海池7237
12200470,海池7237
12200471,海池7237
12200472,海池7237
12200473,海池7237
12200474,海池7237
12200475,海池7237
12200476,海池7237
12200477,海池7237
12200478,海池7237
12200479,海池7237
12200480,海池7237
12200481,海池7237
12200482,海池7237
12200483,海池7237
12200484,海池7237
12200485,海池7237
12200486,海池7237
12200487,海池7237
12200488,海池7237
12200489,海池7237
12200490,海池7237
12200491,海池7237
12200492,海池7237
12200493,海池7237
12200494,海池7237
12200495,海池7237
12200496,海池7237
12200497,海池7237
12200498,海池7237
12200499,海池7237
12200500,海池7237
12200501,海池7237
12200502,海池7237
12200503,海池7237
12200504,海池7237
12200505,海池7237
12200506,海池7237
12200507,海池7237
12200508,海池7237
12200509,海池7237
12200510,海池7237
12200511,海池7237
12200512,海池7237
12200513,海池7237
12200514,海池7237
12200515,海池7237
12200516,海池7237
12200517,海池7237
12200518,海池7237
12200519,海池7237
12200520,海池7237
12200521,海池7237
12200522,海池7237
12200523,海池7237
12200524,海池7237
12200525,海池7237
12200526,海池7237
12200527,海池7237
12200528,海池7237
12200529,海池7237
12200530,海池7237
12200531,海池7237
12200532,海池7237
12200533,海池7237
12200534,海池7237
12200535,海池7237
12200536,海池7237
12200537,海池7237
12200538,海池7237
12200539,海池7237
12200540,海池7237
12200541,海池7237
12200542,海池7237
12200543,海池7237
12200544,海池7237
12200545,海池7237
12200546,海池7237
12200547,海池7237
12200548,海池7237
12200549,海池7237
12200550,海池7237
12200551,海池7237
12200552,海池7237
12200553,海池7237
12200554,海池7237
12200555,海池7237
12200556,海池7237
12200557,海池7237
12200558,海池7237
12200559,海池7237
12200560,海池7237
12200561,海池7237
12200562,海池7237
12200563,海池7237
12200564,海池7237
12200565,海池7237
12200566,海池7237
12200567,海池7237
12200568,海池7237
12200569,海池7237
12200570,海池7237
12200571,海池7237
12200572,海池7237
12200573,海池7237
12200574,海池7237
12200575,海池7237
12200576,海池7237
12200577,海池7237
12200578,海池7237
12200579,海池7237
12200580,海池7237
12200581,海池7237
12200582,海池7237
12200583,海池7237
12200584,海池7237
12200585,海池7237
12200586,海池7237
12200587,海池7237
12200588,海池7237
12200589,海池7237
12200590,海池7237
12200591,海池7237
12200592,海池7237
12200593,海池7237
12200594,海池7237
12200595,海池7237
12200596,海池7237
12200597,海池7237
12200598,海池7237
12200599,海池7237
12200600,海池7237
12200601,海池7237
12200602,海池7237
12200603,海池7237
12200604,海池7237
12200605,海池7237
12200606,海池7237
12200607,海池7237
12200608,海池7237
12200609,海池7237
12200610,海池7237
12200611,海池7237
12200612,海池7237
12200613,海池7237
12200614,海池7237
12200615,海池7237
12200616,海池7237
12200617,海池7237
12200618,海池7237
12200619,海池7237
12200620,海池7237
12200621,海池7237
12200622,海池7237
12200623,海池7237
12200624,海池7237
12200625,海池7237
12200626,海池7237
12200627,海池7237
12200628,海池7237
12200629,海池7237
12200630,海池7237
12200631,海池7237
12200632,海池7237
12200633,海池7237
12200634,海池7237
12200635,海池7237
12200636,海池7237
12200637,海池7237
12200638,海池7237
12200639,海池7237
12200640,海池7237
12200641,海池7237
12200642,海池7237
12200643,海池7237
12200644,海池7237
12200645,海池7237
12200646,海池7237
12200647,海池7237
12200648,海池7237
12200649,海池7237
12200650,海池7237
12200651,海池7237
12200652,海池7237
12200653,海池7237
12200654,海池7237
12200655,海池7237
12200656,海池7237
12200657,海池7237
12200658,海池7237
12200659,海池7237
12200660,海池7237
12200661,海池7237
12200662,海池7237
12200663,海池7237
12200664,海池7237
12200665,海池7237
12200666,海池7237
12200667,海池7237
12200668,海池7237
12200669,海池7237
12200670,海池7237
12200671,海池7237
12200672,海池7237
12200673,海池7237
12200674,海池7237
12200675,海池7237
12200676,海池7237
12200677,海池7237
12200678,海池7237
12200679,海池7237
12200680,海池7237
12200681,海池7237
12200682,海池7237
12200683,海池7237
12200684,海池7237
12200685,海池7237
12200686,海池7237
12200687,海池7237
12200688,海池7237
12200689,海池7237
12200690,海池7237
12200691,海池7237
12200692,海池7237
12200693,海池7237
12200694,海池7237
12200695,海池7237
12200696,海池7237
12200697,海池7237
12200698,海池7237
12200699,海池7237
12200700,海池7237
12200701,海池7237
12200702,海池7237
12200703,海池7237
12200704,海池7237
12200705,海池7237
12200706,海池7237
12200707,海池7237
12200708,海池7237
12200709,海池7237
12200710,海池7237
12200711,海池7237
12200712,海池7237
12200713,海池7237
12200714,海池7237
12200715,海池7237
12200716,海池7237
12200717,海池7237
12200718,海池7237
12200719,海池7237
12200720,海池7237
12200721,海池7237
12200722,海池7237
12200723,海池7237
12200724,海池7237
12200725,海池7237
12200726,海池7237
12200727,海池7237
12200728,海池7237
12200729,海池7237
12200730,海池7237
12200731,海池7237
12200732,海池7237
12200733,海池7237
12200734,海池7237
12200735,海池7237
12200736,海池7237
12200737,海池7237
12200738,海池7237
12200739,海池7237
12200740,海池7237
12200741,海池7237
12200742,海池7237
12200743,海池7237
12200744,海池7237
12200745,海池7237
12200746,海池7237
12200747,海池7237
12200748,海池7237
12200749,海池7237
12200750,海池7237
12200751,海池7237
12200752,海池7237
12200753,海池7237
12200754,海池7237
12200755,海池7237
12200756,海池7237
12200757,海池7237
12200758,海池7237
12200759,海池7237
12200760,海池7237
12200761,海池7237
12200762,海池7237
12200763,海池7237
12200764,海池7237
12200765,海池7237
12200766,海池7237
12200767,海池7237
12200768,海池7237
12200769,海池7237
12200770,海池7237
12200771,海池7237
12200772,海池7237
12200773,海池7237
12200774,海池7237
12200775,海池7237
12200776,海池7237
12200777,海池7237
12200778,海池7237
12200779,海池7237
12200780,海池7237
12200781,海池7237
12200782,海池7237
12200783,海池7237
12200784,海池7237
12200785,海池7237
12200786,海池7237
12200787,海池7237
12200788,海池7237
12200789,海池7237
12200790,海池7237
12200791,海池7237
12200792,海池7237
12200793,海池7237
12200794,海池7237
12200795,海池7237
12200796,海池7237
12200797,海池7237
12200798,海池7237
12200799,海池7237
12200800,海池7237
12200801,海池7237
12200802,海池7237
12200803,海池7237
12200804,海池7237
12200805,海池7237
12200806,海池7237
12200807,海池7237
12200808,海池7237
12200809,海池7237
12200810,海池7237
12200811,海池7237
12200812,海池7237
12200813,海池7237
12200814,海池7237
12200815,海池7237
12200816,海池7237
12200817,海池7237
12200818,海池7237
12200819,海池7237
12200820,海池7237
12200821,海池7237
12200822,海池7237
12200823,海池7237
12200824,海池7237
12200825,海池7237
12200826,海池7237
12200827,海池7237
12200828,海池7237
12200829,海池7237
12200830,海池7237
12200831,海池7237
12200832,海池7237
12200833,海池7237
12200834,海池7237
12200835,海池7237
12200836,海池7237
12200837,海池7237
12200838,海池7237
12200839,海池7237
12200840,海池7237
12200841,海池7237
12200842,海池7237
12200843,海池7237
12200844,海池7237
12200845,海池7237
12200846,海池7237
12200847,海池7237
12200848,海池7237
12200849,海池7237
12200850,海池7237
12200851,海池7237
12200852,海池7237
12200853,海池7237
12200854,海池7237
12200855,海池7237
12200856,海池7237
12200857,海池7237
12200858,海池7237
12200859,海池7237
12200860,海池7237
12200861,海池7237
12200862,海池7237
12200863,海池7237
12200864,海池7237
12200865,海池7237
12200866,海池7237
12200867,海池7237
12200868,海池7237
12200869,海池7237
12200870,海池7237
12200871,海池7237
12200872,海池7237
12200873,海池7237
12200874,海池7237
12200875,海池7237
12200876,海池7237
12200877,海池7237
12200878,海池7237
12200879,海池7237
12200880,海池7237
12200881,海池7237
12200882,海池7237
12200883,海池7237
12200884,海池7237
12200885,海池7237
12200886,海池7237
12200887,海池7237
12200888,海池7237
12200889,海池7237
12200890,海池7237
12200891,海池7237
12200892,海池7237
12200893,海池7237
12200894,海池7237
12200895,海池7237
12200896,海池7237
12200897,海池7237
12200898,海池7237
12200899,海池7237
12200900,海池7237
12200901,海池7237
12200902,海池7237
12200903,海池7237
12200904,海池7237
12200905,海池7237
12200906,海池7237
12200907,海池7237
12200908,海池7237
12200909,海池7237
12200910,海池7237
12200911,海池7237
12200912,海池7237
12200913,海池7237
12200914,海池7237
12200915,海池7237
12200916,海池7237
12200917,海池7237
12200918,海池7237
12200919,海池7237
12200920,海池7237
12200921,海池7237
12200922,海池7237
12200923,海池7237
12200924,海池7237
12200925,海池7237
12200926,海池7237
12200927,海池7237
12200928,海池7237
12200929,海池7237
12200930,海池7237
12200931,海池7237
12200932,海池7237
12200933,海池7237
12200934,海池7237
12200935,海池7237
12200936,海池7237
12200937,海池7237
12200938,海池7237
12200939,海池7237
12200940,海池7237
12200941,海池7237
12200942,海池7237
12200943,海池7237
12200944,海池7237
12200945,海池7237
12200946,海池7237
12200947,海池7237
12200948,海池7237
12200949,海池7237
12200950,海池7237
12200951,海池7237
12200952,海池7237
12200953,海池7237
12200954,海池7237
12200955,海池7237
12200956,海池7237
12200957,海池7237
12200958,海池7237
12200959,海池7237
12200960,海池7237
12200961,海池7237
12200962,海池7237
12200963,海池7237
12200964,海池7237
12200965,海池7237
12200966,海池7237
12200967,海池7237
12200968,海池7237
12200969,海池7237
12200970,海池7237
12200971,海池7237
12200972,海池7237
12200973,海池7237
12200974,海池7237
12200975,海池7237
12200976,海池7237
12200977,海池7237
12200978,海池7237
12200979,海池7237
12200980,海池7237
12200981,海池7237
12200982,海池7237
12200983,海池7237
12200984,海池7237
12200985,海池7237
12200986,海池7237
12200987,海池7237
12200988,海池7237
12200989,海池7237
12200990,海池7237
12200991,海池7237
12200992,海池7237
12200993,海池7237
12200994,海池7237
12200995,海池7237
12200996,海池7237
12200997,海池7237
12200998,海池7237
12200999,海池7237
12201000,海池7237
12201001,海池7237
12201002,海池7237
12201003,海池7237
12201004,海池7237
12201005,海池7237
12201006,海池7237
12201007,海池7237
12201008,海池7237
12201009,海池7237
12201010,海池7237
12201011,海池7237
12201012,海池7237
12201013,海池7237
12201014,海池7237
12201015,海池7237
12201016,海池7237
12201017,海池7237
12201018,海池7237
12201019,海池7237
12201020,海池7237
12201021,海池7237
12201022,海池7237
12201023,海池7237
12201024,海池7237
12201025,海池7237
12201026,海池7237
12201027,海池7237
12201028,海池7237
12201029,海池7237
12201030,海池7237
12201031,海池7237
12201032,海池7237
12201033,海池7237
12201034,海池7237
12201035,海池7237
12201036,海池7237
12201037,海池7237
12201038,海池7237
12201039,海池7237
12201040,海池7237
12201041,海池7237
12201042,海池7237
12201043,海池7237
12201044,海池7237
12201045,海池7237
12201046,海池7237
12201047,海池7237
12201048,海池7237
12201049,海池7237
12201050,海池7237
12201051,海池7237
12201052,海池7237
12201053,海池7237
12201054,海池7237
12201055,海池7237
12201056,海池7237
12201057,海池7237
12201058,海池7237
12201059,海池7237
12201060,海池7237
12201061,海池7237
12201062,海池7237
12201063,海池7237
12201064,海池7237
12201065,海池7237
12201066,海池7237
12201067,海池7237
12201068,海池7237
12201069,海池7237
12201070,海池7237
12201071,海池7237
12201072,海池7237
12201073,海池7237
12201074,海池7237
12201075,海池7237
12201076,海池7237
12201077,海池7237
12201078,海池7237
12201079,海池7237
12201080,海池7237
12201081,海池7237
12201082,海池7237
12201083,海池7237
12201084,海池7237
12201085,海池7237
12201086,海池7237
12201087,海池7237
12201088,海池7237
12201089,海池7237
12201090,海池7237
12201091,海池7237
12201092,海池7237
12201093,海池7237
12201094,海池7237
12201095,海池7237
12201096,海池7237
12201097,海池7237
12201098,海池7237
12201099,海池7237
12201100,海池7237
12201101,海池7237
12201102,海池7237
12201103,海池7237
12201104,海池7237
12201105,海池7237
12201106,海池7237
12201107,海池7237
12201108,海池7237
12201109,海池7237
12201110,海池7237
12201111,海池7237
12201112,海池7237
12201113,海池7237
12201114,海池7237
12201115,海池7237
12201116,海池7237
12201117,海池7237
12201118,海池7237
12201119,海池7237
12201120,海池7237
12201121,海池7237
12201122,海池7237
12201123,海池7237
12201124,海池7237
12201125,海池7237
12201126,海池7237
12201127,海池7237
12201128,海池7237
12201129,海池7237
12201130,海池7237
12201131,海池7237
12201132,海池7237
12201133,海池7237
12201134,海池7237
12201135,海池7237
12201136,海池7237
12201137,海池7237
12201138,海池7237
12201139,海池7237
12201140,海池7237
12201141,海池7237
12201142,海池7237
12201143,海池7237
12201144,海池7237
12201145,海池7237
12201146,海池7237
12201147,海池7237
12201148,海池7237
12201149,海池7237
12201150,海池7237
12201151,海池7237
12201152,海池7237
12201153,海池7237
12201154,海池7237
12201155,海池7237
12201156,海池7237
12201157,海池7237
12201158,海池7237
12201159,海池7237
12201160,海池7237
12201161,海池7237
12201162,海池7237
12201163,海池7237
12201164,海池7237
12201165,海池7237
12201166,海池7237
12201167,海池7237
12201168,海池7237
12201169,海池7237
12201170,海池7237
12201171,海池7237
12201172,海池7237
12201173,海池7237
12201174,海池7237
12201175,海池7237
12201176,海池7237
12201177,海池7237
12201178,海池7237
12201179,海池7237
12201180,海池7237
12201181,海池7237
12201182,海池7237
12201183,海池7237
12201184,海池7237
12201185,海池7237
12201186,海池7237
12201187,海池7237
12201188,海池7237
12201189,海池7237
12201190,海池7237
12201191,海池7237
12201192,海池7237
12201193,海池7237
12201194,海池7237
12201195,海池7237
12201196,海池7237
12201197,海池7237
12201198,海池7237
12201199,海池7237
12201200,海池7237
12201201,海池7237
12201202,海池7237
12201203,海池7237
12201204,海池7237
12201205,海池7237
12201206,海池7237
12201207,海池7237
12201208,海池7237
12201209,海池7237
12201210,海池7237
12201211,海池7237
12201212,海池7237
12201213,海池7237
12201214,海池7237
12201215,海池7237
12201216,海池7237
12201217,海池7237
12201218,海池7237
12201219,海池7237
12201220,海池7237
12201221,海池7237
12201222,海池7237
12201223,海池7237
12201224,海池7237
12201225,海池7237
12201226,海池7237
12201227,海池7237
12201228,海池7237
12201229,海池7237
12201230,海池7237
12201231,海池7237
12201232,海池7237
12201233,海池7237
12201234,海池7237
12201235,海池7237
12201236,海池7237
12201237,海池7237
12201238,海池7237
12201239,海池7237
12201240,海池7237
12201241,海池7237
12201242,海池7237
12201243,海池7237
12201244,海池7237
12201245,海池7237
12201246,海池7237
12201247,海池7237
12201248,海池7237
12201249,海池7237
12201250,海池7237
12201251,海池7237
12201252,海池7237
12201253,海池7237
12201254,海池7237
12201255,海池7237
12201256,海池7237
12201257,海池7237
12201258,海池7237
12201259,海池7237
12201260,海池7237
12201261,海池7237
12201262,海池7237
12201263,海池7237
12201264,海池7237
12201265,海池7237
12201266,海池7237
12201267,海池7237
12201268,海池7237
12201269,海池7237
12201270,海池7237
12201271,海池7237
12201272,海池7237
12201273,海池7237
12201274,海池7237
12201275,海池7237
12201276,海池7237
12201277,海池7237
12201278,海池7237
12201279,海池7237
12201280,海池7237
12201281,海池7237
12201282,海池7237
12201283,海池7237
12201284,海池7237
12201285,海池7237
12201286,海池7237
12201287,海池7237
12201288,海池7237
12201289,海池7237
12201290,海池7237
12201291,海池7237
12201292,海池7237
12201293,海池7237
12201294,海池7237
12201295,海池7237
12201296,海池7237
12201297,海池7237
12201298,海池7237
12201299,海池7237
12201300,海池7237
12201301,海池7237
12201302,海池7237
12201303,海池7237
12201304,海池7237
12201305,海池7237
12201306,海池7237
12201307,海池7237
12201308,海池7237
12201309,海池7237
12201310,海池7237
12201311,海池7237
12201312,海池7237
12201313,海池7237
12201314,海池7237
12201315,海池7237
12201316,海池7237
12201317,海池7237
12201318,海池7237
12201319,海池7237
12201320,海池7237
12201321,海池7237
12201322,海池7237
12201323,海池7237
12201324,海池7237
12201325,海池7237
12201326,海池7237
12201327,海池7237
12201328,海池7237
12201329,海池7237
12201330,海池7237
12201331,海池7237
12201332,海池7237
12201333,海池7237
12201334,海池7237
12201335,海池7237
12201336,海池7237
12201337,海池7237
12201338,海池7237
12201339,海池7237
12201340,海池7237
12201341,海池7237
12201342,海池7237
12201343,海池7237
12201344,海池7237
12201345,海池7237
12201346,海池7237
12201347,海池7237
12201348,海池7237
12201349,海池7237
12201350,海池7237
12201351,海池7237
12201352,海池7237
12201353,海池7237
12201354,海池7237
12201355,海池7237
12201356,海池7237
12201357,海池7237
12201358,海池7237
12201359,海池7237
12201360,海池7237
12201361,海池7237
12201362,海池7237
12201363,海池7237
12201364,海池7237
12201365,海池7237
12201366,海池7237
12201367,海池7237
12201368,海池7237
12201369,海池7237
12201370,海池7237
12201371,海池7237
12201372,海池7237
12201373,海池7237
12201374,海池7237
12201375,海池7237
12201376,海池7237
12201377,海池7237
12201378,海池7237
12201379,海池7237
12201380,海池7237
12201381,海池7237
12201382,海池7237
12201383,海池7237
12201384,海池7237
12201385,海池7237
12201386,海池7237
12201387,海池7237
12201388,海池7237
12201389,海池7237
12201390,海池7237
12201391,海池7237
12201392,海池7237
12201393,海池7237
12201394,海池7237
12201395,海池7237
12201396,海池7237
12201397,海池7237
12201398,海池7237
12201399,海池7237
12201400,海池7237
12201401,海池7237
12201402,海池7237
12201403,海池7237
12201404,海池7237
12201405,海池7237
12201406,海池7237
12201407,海池7237
12201408,海池7237
12201409,海池7237
12201410,海池7237
12201411,海池7237
12201412,海池7237
12201413,海池7237
12201414,海池7237
12201415,海池7237
12201416,海池7237
12201417,海池7237
12201418,海池7237
12201419,海池7237
12201420,海池7237
12201421,海池7237
12201422,海池7237
12201423,海池7237
12201424,海池7237
12201425,海池7237
12201426,海池7237
12201427,海池7237
12201428,海池7237
12201429,海池7237
12201430,海池7237
12201431,海池7237
12201432,海池7237
12201433,海池7237
12201434,海池7237
12201435,海池7237
12201436,海池7237
12201437,海池7237
12201438,海池7237
12201439,海池7237
12201440,海池7237
12201441,海池7237
12201442,海池7237
12201443,海池7237
12201444,海池7237
12201445,海池7237
12201446,海池7237
12201447,海池7237
12201448,海池7237
12201449,海池7237
12201450,海池7237
12201451,海池7237
12201452,海池7237
12201453,海池7237
12201454,海池7237
12201455,海池7237
12201456,海池7237
12201457,海池7237
12201458,海池7237
12201459,海池7237
12201460,海池7237
12201461,海池7237
12201462,海池7237
12201463,海池7237
12201464,海池7237
12201465,海池7237
12201466,海池7237
12201467,海池7237
12201468,海池7237
12201469,海池7237
12201470,海池7237
12201471,海池7237
12201472,海池7237
12201473,海池7237
12201474,海池7237
12201475,海池7237
12201476,海池7237
12201477,海池7237
12201478,海池7237
12201479,海池7237
12201480,海池7237
12201481,海池7237
12201482,海池7237
12201483,海池7237
12201484,海池7237
12201485,海池7237
12201486,海池7237
12201487,海池7237
12201488,海池7237
12201489,海池7237
12201490,海池7237
12201491,海池7237
12201492,海池7237
12201493,海池7237
12201494,海池7237
12201495,海池7237
12201496,海池7237
12201497,海池7237
12201498,海池7237
12201499,海池7237
12201500,海池7237
12201501,海池7237
12201502,海池7237
12201503,海池7237
12201504,海池7237
12201505,海池7237
12201506,海池7237
12201507,海池7237
12201508,海池7237
12201509,海池7237
12201510,海池7237
12201511,海池7237
12201512,海池7237
12201513,海池7237
12201514,海池7237
12201515,海池7237
12201516,海池7237
12201517,海池7237
12201518,海池7237
12201519,海池7237
12201520,海池7237
12201521,海池7237
12201522,海池7237
12201523,海池7237
12201524,海池7237
12201525,海池7237
12201526,海池7237
12201527,海池7237
12201528,海池7237
12201529,海池7237
12201530,海池7237
12201531,海池7237
12201532,海池7237
12201533,海池7237
12201534,海池7237
12201535,海池7237
12201536,海池7237
12201537,海池7237
12201538,海池7237
12201539,海池7237
12201540,海池7237
12201541,海池7237
12201542,海池7237
12201543,海池7237
12201544,海池7237
12201545,海池7237
12201546,海池7237
12201547,海池7237
12201548,海池7237
12201549,海池7237
12201550,海池7237
12201551,海池7237
12201552,海池7237
12201553,海池7237
12201554,海池7237
12201555,海池7237
12201556,海池7237
12201557,海池7237
12201558,海池7237
12201559,海池7237
12201560,海池7237
12201561,海池7237
12201562,海池7237
12201563,海池7237
12201564,海池7237
12201565,海池7237
12201566,海池7237
12201567,海池7237
12201568,海池7237
12201569,海池7237
12201570,海池7237
12201571,海池7237
12201572,海池7237
12201573,海池7237
12201574,海池7237
12201575,海池7237
12201576,海池7237
12201577,海池7237
12201578,海池7237
12201579,海池7237
12201580,海池7237
12201581,海池7237
12201582,海池7237
12201583,海池7237
12201584,海池7237
12201585,海池7237
12201586,海池7237
12201587,海池7237
12201588,海池7237
12201589,海池7237
12201590,海池7237
12201591,海池7237
12201592,海池7237
12201593,海池7237
12201594,海池7237
12201595,海池7237
12201596,海池7237
12201597,海池7237
12201598,海池7237
12201599,海池7237
12201600,海池7237
12201601,海池7237
12201602,海池7237
12201603,海池7237
12201604,海池7237
12201605,海池7237
12201606,海池7237
12201607,海池7237
12201608,海池7237
12201609,海池7237
12201610,海池7237
12201611,海池7237
12201612,海池7237
12201613,海池7237
12201614,海池7237
12201615,海池7237
12201616,海池7237
12201617,海池7237
12201618,海池7237
12201619,海池7237
12201620,海池7237
12201621,海池7237
12201622,海池7237
12201623,海池7237
12201624,海池7237
12201625,海池7237
12201626,海池7237
12201627,海池7237
12201628,海池7237
12201629,海池7237
12201630,海池7237
12201631,海池7237
12201632,海池7237
12201633,海池7237
12201634,海池7237
12201635,海池7237
12201636,海池7237
12201637,海池7237
12201638,海池7237
12201639,海池7237
12201640,海池7237
12201641,海池7237
12201642,海池7237
12201643,海池7237
12201644,海池7237
12201645,海池7237
12201646,海池7237
12201647,海池7237
12201648,海池7237
12201649,海池7237
12201650,海池7237
12201651,海池7237
12201652,海池7237
12201653,海池7237
12201654,海池7237
12201655,海池7237
12201656,海池7237
12201657,海池7237
12201658,海池7237
12201659,海池7237
12201660,海池7237
12201661,海池7237
12201662,海池7237
12201663,海池7237
12201664,海池7237
12201665,海池7237
12201666,海池7237
12201667,海池7237
12201668,海池7237
12201669,海池7237
12201670,海池7237
12201671,海池7237
12201672,海池7237
12201673,海池7237
12201674,海池7237
12201675,海池7237
12201676,海池7237
12201677,海池7237
12201678,海池7237
12201679,海池7237
12201680,海池7237
12201681,海池7237
12201682,海池7237
12201683,海池7237
12201684,海池7237
12201685,海池7237
12201686,海池7237
12201687,海池7237
12201688,海池7237
12201689,海池7237
12201690,海池7237
12201691,海池7237
12201692,海池7237
12201693,海池7237
12201694,海池7237
12201695,海池7237
12201696,海池7237
12201697,海池7237
12201698,海池7237
12201699,海池7237
12201700,海池7237
12201701,海池7237
12201702,海池7237
12201703,海池7237
12201704,海池7237
12201705,海池7237
12201706,海池7237
12201707,海池7237
12201708,海池7237
12201709,海池7237
12201710,海池7237
12201711,海池7237
12201712,海池7237
12201713,海池7237
12201714,海池7237
12201715,海池7237
12201716,海池7237
12201717,海池7237
12201718,海池7237
12201719,海池7237
12201720,海池7237
12201721,海池7237
12201722,海池7237
12201723,海池7237
12201724,海池7237
12201725,海池7237
12201726,海池7237
12201727,海池7237
12201728,海池7237
12201729,海池7237
12201730,海池7237
12201731,海池7237
12201732,海池7237
12201733,海池7237
12201734,海池7237
12201735,海池7237
12201736,海池7237
12201737,海池7237
12201738,海池7237
12201739,海池7237
12201740,海池7237
12201741,海池7237
12201742,海池7237
12201743,海池7237
12201744,海池7237
12201745,海池7237
12201746,海池7237
12201747,海池7237
12201748,海池7237
12201749,海池7237
12201750,海池7237
12201751,海池7237
12201752,海池7237
12201753,海池7237
12201754,海池7237
12201755,海池7237
12201756,海池7237
12201757,海池7237
12201758,海池7237
12201759,海池7237
12201760,海池7237
12201761,海池7237
12201762,海池7237
12201763,海池7237
12201764,海池7237
12201765,海池7237
12201766,海池7237
12201767,海池7237
12201768,海池7237
12201769,海池7237
12201770,海池7237
12201771,海池7237
12201772,海池7237
12201773,海池7237
12201774,海池7237
12201775,海池7237
12201776,海池7237
12201777,海池7237
12201778,海池7237
12201779,海池7237
12201780,海池7237
12201781,海池7237
12201782,海池7237
12201783,海池7237
12201784,海池7237
12201785,海池7237
12201786,海池7237
12201787,海池7237
12201788,海池7237
12201789,海池7237
12201790,海池7237
12201791,海池7237
12201792,海池7237
12201793,海池7237
12201794,海池7237
12201795,海池7237
12201796,海池7237
12201797,海池7237
12201798,海池7237
12201799,海池7237
12201800,海池7237
12201801,海池7237
12201802,海池7237
12201803,海池7237
12201804,海池7237
12201805,海池7237
12201806,海池7237
12201807,海池7237
12201808,海池7237
12201809,海池7237
12201810,海池7237
12201811,海池7237
12201812,海池7237
12201813,海池7237
12201814,海池7237
12201815,海池7237
12201816,海池7237
12201817,海池7237
12201818,海池7237
12201819,海池7237
12201820,海池7237
12201821,海池7237
12201822,海池7237
12201823,海池7237
12201824,海池7237
12201825,海池7237
12201826,海池7237
12201827,海池7237
12201828,海池7237
12201829,海池7237
12201830,海池7237
12201831,海池7237
12201832,海池7237
12201833,海池7237
12201834,海池7237
12201835,海池7237
12201836,海池7237
12201837,海池7237
12201838,海池7237
12201839,海池7237
12201840,海池7237
12201841,海池7237
12201842,海池7237
12201843,海池7237
12201844,海池7237
12201845,海池7237
12201846,海池7237
12201847,海池7237
12201848,海池7237
12201849,海池7237
12201850,海池7237
12201851,海池7237
12201852,海池7237
12201853,海池7237
12201854,海池7237
12201855,海池7237
12201856,海池7237
12201857,海池7237
12201858,海池7237
12201859,海池7237
12201860,海池7237
12201861,海池7237
12201862,海池7237
12201863,海池7237
12201864,海池7237
12201865,海池7237
12201866,海池7237
12201867,海池7237
12201868,海池7237
12201869,海池7237
12201870,海池7237
12201871,海池7237
12201872,海池7237
12201873,海池7237
12201874,海池7237
12201875,海池7237
12201876,海池7237
12201877,海池7237
12201878,海池7237
12201879,海池7237
12201880,海池7237
12201881,海池7237
12201882,海池7237
12201883,海池7237
12201884,海池7237
12201885,海池7237
12201886,海池7237
12201887,海池7237
12201888,海池7237
12201889,海池7237
12201890,海池7237
12201891,海池7237
12201892,海池7237
12201893,海池7237
12201894,海池7237
12201895,海池7237
12201896,海池7237
12201897,海池7237
12201898,海池7237
12201899,海池7237
12201900,海池7237
12201901,海池7237
12201902,海池7237
12201903,海池7237
12201904,海池7237
12201905,海池7237
12201906,海池7237
12201907,海池7237
12201908,海池7237
12201909,海池7237
12201910,海池7237
12201911,海池7237
12201912,海池7237
12201913,海池7237
12201914,海池7237
12201915,海池7237
12201916,海池7237
12201917,海池7237
12201918,海池7237
12201919,海池7237
12201920,海池7237
12201921,海池7237
12201922,海池7237
12201923,海池7237
12201924,海池7237
12201925,海池7237
12201926,海池7237
12201927,海池7237
12201928,海池7237
12201929,海池7237
12201930,海池7237
12201931,海池7237
12201932,海池7237
12201933,海池7237
12201934,海池7237
12201935,海池7237
12201936,海池7237
12201937,海池7237
12201938,海池7237
12201939,海池7237
12201940,海池7237
12201941,海池7237
12201942,海池7237
12201943,海池7237
12201944,海池7237
12201945,海池7237
12201946,海池7237
12201947,海池7237
12201948,海池7237
12201949,海池7237
12201950,海池7237
12201951,海池7237
12201952,海池7237
12201953,海池7237
12201954,海池7237
12201955,海池7237
12201956,海池7237
12201957,海池7237
12201958,海池7237
12201959,海池7237
12201960,海池7237
12201961,海池7237
12201962,海池7237
12201963,海池7237
12201964,海池7237
12201965,海池7237
12201966,海池7237
12201967,海池7237
12201968,海池7237
12201969,海池7237
12201970,海池7237
12201971,海池7237
12201972,海池7237
12201973,海池7237
12201974,海池7237
12201975,海池7237
12201976,海池7237
12201977,海池7237
12201978,海池7237
12201979,海池7237
12201980,海池7237
12201981,海池7237
12201982,海池7237
12201983,海池7237
12201984,海池7237
12201985,海池7237
12201986,海池7237
12201987,海池7237
12201988,海池7237
12201989,海池7237
12201990,海池7237
12201991,海池7237
12201992,海池7237
12201993,海池7237
12201994,海池7237
12201995,海池7237
12201996,海池7237
12201997,海池7237
12201998,海池7237
12201999,海池7237
12202000,海池7237
12202001,海池7237
12202002,海池7237
12202003,海池7237
12202004,海池7237
12202005,海池7237
12202006,海池7237
12202007,海池7237
12202008,海池7237
12202009,海池7237
12202010,海池7237
12202011,海池7237
12202012,海池7237
12202013,海池7237
12202014,海池7237
12202015,海池7237
12202016,海池7237
12202017,海池7237
12202018,海池7237
12202019,海池7237
12202020,海池7237
12202021,海池7237
12202022,海池7237
12202023,海池7237
12202024,海池7237
12202025,海池7237
12202026,海池7237
12202027,海池7237
12202028,海池7237
12202029,海池7237
12202030,海池7237
12202031,海池7237
12202032,海池7237
12202033,海池7237
12202034,海池7237
12202035,海池7237
12202036,海池7237
12202037,海池7237
12202038,海池7237
12202039,海池7237
12202040,海池7237
12202041,海池7237
12202042,海池7237
12202043,海池7237
12202044,海池7237
12202045,海池7237
12202046,海池7237
12202047,海池7237
12202048,海池7237
12202049,海池7237
12202050,海池7237
12202051,海池7237
12202052,海池7237
12202053,海池7237
12202054,海池7237
12202055,海池7237
12202056,海池7237
12202057,海池7237
12202058,海池7237
12202059,海池7237
12202060,海池7237
12202061,海池7237
12202062,海池7237
12202063,海池7237
12202064,海池7237
12202065,海池7237
12202066,海池7237
12202067,海池7237
12202068,海池7237
12202069,海池7237
12202070,海池7237
12202071,海池7237
12202072,海池7237
12202073,海池7237
12202074,海池7237
12202075,海池7237
12202076,海池7237
12202077,海池7237
12202078,海池7237
12202079,海池7237
12202080,海池7237
12202081,海池7237
12202082,海池7237
12202083,海池7237
12202084,海池7237
12202085,海池7237
12202086,海池7237
12202087,海池7237
12202088,海池7237
12202089,海池7237
12202090,海池7237
12202091,海池7237
12202092,海池7237
12202093,海池7237
12202094,海池7237
12202095,海池7237
12202096,海池7237
12202097,海池7237
12202098,海池7237
12202099,海池7237
12202100,海池7237
12202101,海池7237
12202102,海池7237
12202103,海池7237
12202104,海池7237
12202105,海池7237
12202106,海池7237
12202107,海池7237
12202108,海池7237
12202109,海池7237
12202110,海池7237
12202111,海池7237
12202112,海池7237
12202113,海池7237
12202114,海池7237
12202115,海池7237
12202116,海池7237
12202117,海池7237
12202118,海池7237
12202119,海池7237
12202120,海池7237
12202121,海池7237
12202122,海池7237
12202123,海池7237
12202124,海池7237
12202125,海池7237
12202126,海池7237
12202127,海池7237
12202128,海池7237
12202129,海池7237
12202130,海池7237
12202131,海池7237
12202132,海池7237
12202133,海池7237
12202134,海池7237
12202135,海池7237
12202136,海池7237
12202137,海池7237
12202138,海池7237
12202139,海池7237
12202140,海池7237
12202141,海池7237
12202142,海池7237
12202143,海池7237
12202144,海池7237
12202145,海池7237
12202146,海池7237
12202147,海池7237
12202148,海池7237
12202149,海池7237
12202150,海池7237
12202151,海池7237
12202152,海池7237
12202153,海池7237
12202154,海池7237
12202155,海池7237
12202156,海池7237
12202157,海池7237
12202158,海池7237
12202159,海池7237
12202160,海池7237
12202161,海池7237
12202162,海池7237
12202163,海池7237
12202164,海池7237
12202165,海池7237
12202166,海池7237
12202167,海池7237
12202168,海池7237
12202169,海池7237
12202170,海池7237
12202171,海池7237
12202172,海池7237
12202173,海池7237
12202174,海池7237
12202175,海池7237
12202176,海池7237
12202177,海池7237
12202178,海池7237
12202179,海池7237
12202180,海池7237
12202181,海池7237
12202182,海池7237
12202183,海池7237
12202184,海池7237
12202185,海池7237
12202186,海池7237
12202187,海池7237
12202188,海池7237
12202189,海池7237
12202190,海池7237
12202191,海池7237
12202192,海池7237
12202193,海池7237
12202194,海池7237
12202195,海池7237
12202196,海池7237
12202197,海池7237
12202198,海池7237
12202199,海池7237
12202200,海池7237
12202201,海池7237
12202202,海池7237
12202203,海池7237
12202204,海池7237
12202205,海池7237
12202206,海池7237
12202207,海池7237
12202208,海池7237
12202209,海池7237
12202210,海池7237
12202211,海池7237
12202212,海池7237
12202213,海池7237
12202214,海池7237
12202215,海池7237
12202216,海池7237
12202217,海池7237
12202218,海池7237
12202219,海池7237
12202220,海池7237
12202221,海池7237
12202222,海池7237
12202223,海池7237
12202224,海池7237
12202225,海池7237
12202226,海池7237
12202227,海池7237
12202228,海池7237
12202229,海池7237
12202230,海池7237
12202231,海池7237
12202232,海池7237
12202233,海池7237
12202234,海池7237
12202235,海池7237
12202236,海池7237
12202237,海池7237
12202238,海池7237
12202239,海池7237
12202240,海池7237
12202241,海池7237
12202242,海池7237
12202243,海池7237
12202244,海池7237
12202245,海池7237
12202246,海池7237
12202247,海池7237
12202248,海池7237
12202249,海池7237
12202250,海池7237
12202251,海池7237
12202252,海池7237
12202253,海池7237
12202254,海池7237
12202255,海池7237
12202256,海池7237
12202257,海池7237
12202258,海池7237
12202259,海池7237
12202260,海池7237
12202261,海池7237
12202262,海池7237
12202263,海池7237
12202264,海池7237
12202265,海池7237
12202266,海池7237
12202267,海池7237
12202268,海池7237
12202269,海池7237
12202270,海池7237
12202271,海池7237
12202272,海池7237
12202273,海池7237
12202274,海池7237
12202275,海池7237
12202276,海池7237
12202277,海池7237
12202278,海池7237
12202279,海池7237
12202280,海池7237
12202281,海池7237
12202282,海池7237
12202283,海池7237
12202284,海池7237
12202285,海池7237
12202286,海池7237
12202287,海池7237
12202288,海池7237
12202289,海池7237
12202290,海池7237
12202291,海池7237
12202292,海池7237
12202293,海池7237
12202294,海池7237
12202295,海池7237
12202296,海池7237
12202297,海池7237
12202298,海池7237
12202299,海池7237
12202300,海池7237
12202301,海池7237
12202302,海池7237
12202303,海池7237
12202304,海池7237
12202305,海池7237
12202306,海池7237
12202307,海池7237
12202308,海池7237
12202309,海池7237
12202310,海池7237
12202311,海池7237
12202312,海池7237
12202313,海池7237
12202314,海池7237
12202315,海池7237
12202316,海池7237
12202317,海池7237
12202318,海池7237
12202319,海池7237
12202320,海池7237
12202321,海池7237
12202322,海池7237
12202323,海池7237
12202324,海池7237
12202325,海池7237
12202326,海池7237
12202327,海池7237
12202328,海池7237
12202329,海池7237
12202330,海池7237
12202331,海池7237
12202332,海池7237
12202333,海池7237
12202334,海池7237
12202335,海池7237
12202336,海池7237
12202337,海池7237
12202338,海池7237
12202339,海池7237
12202340,海池7237
12202341,海池7237
12202342,海池7237
12202343,海池7237
12202344,海池7237
12202345,海池7237
12202346,海池7237
12202347,海池7237
12202348,海池7237
12202349,海池7237
12202350,海池7237
12202351,海池7237
12202352,海池7237
12202353,海池7237
12202354,海池7237
12202355,海池7237
12202356,海池7237
12202357,海池7237
12202358,海池7237
12202359,海池7237
12202360,海池7237
12202361,海池7237
12202362,海池7237
12202363,海池7237
12202364,海池7237
12202365,海池7237
12202366,海池7237
12202367,海池7237
12202368,海池7237
12202369,海池7237
12202370,海池7237
12202371,海池7237
12202372,海池7237
12202373,海池7237
12202374,海池7237
12202375,海池7237
12202376,海池7237
12202377,海池7237
12202378,海池7237
12202379,海池7237
12202380,海池7237
12202381,海池7237
12202382,海池7237
12202383,海池7237
12202384,海池7237
12202385,海池7237
12202386,海池7237
12202387,海池7237
12202388,海池7237
12202389,海池7237
12202390,海池7237
12202391,海池7237
12202392,海池7237
12202393,海池7237
12202394,海池7237
12202395,海池7237
12202396,海池7237
12202397,海池7237
12202398,海池7237
12202399,海池7237
12202400,海池7237
12202401,海池7237
12202402,海池7237
12202403,海池7237
12202404,海池7237
12202405,海池7237
12202406,海池7237
12202407,海池7237
12202408,海池7237
12202409,海池7237
12202410,海池7237
12202411,海池7237
12202412,海池7237
12202413,海池7237
12202414,海池7237
12202415,海池7237
12202416,海池7237
12202417,海池7237
12202418,海池7237
12202419,海池7237
12202420,海池7237
12202421,海池7237
12202422,海池7237
12202423,海池7237
12202424,海池7237
12202425,海池7237
12202426,海池7237
12202427,海池7237
12202428,海池7237
12202429,海池7237
12202430,海池7237
12202431,海池7237
12202432,海池7237
12202433,海池7237
12202434,海池7237
12202435,海池7237
12202436,海池7237
12202437,海池7237
12202438,海池7237
12202439,海池7237
12202440,海池7237
12202441,海池7237
12202442,海池7237
12202443,海池7237
12202444,海池7237
12202445,海池7237
12202446,海池7237
12202447,海池7237
12202448,海池7237
12202449,海池7237
12202450,海池7237
12202451,海池7237
12202452,海池7237
12202453,海池7237
12202454,海池7237
12202455,海池7237
12202456,海池7237
12202457,海池7237
12202458,海池7237
12202459,海池7237
12202460,海池7237
12202461,海池7237
12202462,海池7237
12202463,海池7237
12202464,海池7237
12202465,海池7237
12202466,海池7237
12202467,海池7237
12202468,海池7237
12202469,海池7237
12202470,海池7237
12202471,海池7237
12202472,海池7237
12202473,海池7237
12202474,海池7237
12202475,海池7237
12202476,海池7237
12202477,海池7237
12202478,海池7237
12202479,海池7237
12202480,海池7237
12202481,海池7237
12202482,海池7237
12202483,海池7237
12202484,海池7237
12202485,海池7237
12202486,海池7237
12202487,海池7237
12202488,海池7237
12202489,海池7237
12202490,海池7237
12202491,海池7237
12202492,海池7237
12202493,海池7237
12202494,海池7237
12202495,海池7237
12202496,海池7237
12202497,海池7237
12202498,海池7237
12202499,海池7237
12202500,海池7237
12202501,海池7237
12202502,海池7237
12202503,海池7237
12202504,海池7237
12202505,海池7237
12202506,海池7237
12202507,海池7237
12202508,海池7237
12202509,海池7237
12202510,海池7237
12202511,海池7237
12202512,海池7237
12202513,海池7237
12202514,海池7237
12202515,海池7237
12202516,海池7237
12202517,海池7237
12202518,海池7237
12202519,海池7237
12202520,海池7237
12202521,海池7237
12202522,海池7237
12202523,海池7237
12202524,海池7237
12202525,海池7237
12202526,海池7237
12202527,海池7237
12202528,海池7237
12202529,海池7237
12202530,海池7237
12202531,海池7237
12202532,海池7237
12202533,海池7237
12202534,海池7237
12202535,海池7237
12202536,海池7237
12202537,海池7237
12202538,海池7237
12202539,海池7237
12202540,海池7237
12202541,海池7237
12202542,海池7237
12202543,海池7237
12202544,海池7237
12202545,海池7237
12202546,海池7237
12202547,海池7237
12202548,海池7237
12202549,海池7237
12202550,海池7237
12202551,海池7237
12202552,海池7237
12202553,海池7237
12202554,海池7237
12202555,海池7237
12202556,海池7237
12202557,海池7237
12202558,海池7237
12202559,海池7237
12202560,海池7237
12202561,海池7237
12202562,海池7237
12202563,海池7237
12202564,海池7237
12202565,海池7237
12202566,海池7237
12202567,海池7237
12202568,海池7237
12202569,海池7237
12202570,海池7237
12202571,海池7237
12202572,海池7237
12202573,海池7237
12202574,海池7237
12202575,海池7237
12202576,海池7237
12202577,海池7237
12202578,海池7237
12202579,海池7237
12202580,海池7237
12202581,海池7237
12202582,海池7237
12202583,海池7237
12202584,海池7237
12202585,海池7237
12202586,海池7237
12202587,海池7237
12202588,海池7237
12202589,海池7237
12202590,海池7237
12202591,海池7237
12202592,海池7237
12202593,海池7237
12202594,海池7237
12202595,海池7237
12202596,海池7237
12202597,海池7237
12202598,海池7237
12202599,海池7237
12202600,海池7237
12202601,海池7237
12202602,海池7237
12202603,海池7237
12202604,海池7237
12202605,海池7237
12202606,海池7237
12202607,海池7237
12202608,海池7237
12202609,海池7237
12202610,海池7237
12202611,海池7237
12202612,海池7237
12202613,海池7237
12202614,海池7237
12202615,海池7237
12202616,海池7237
12202617,海池7237
12202618,海池7237
12202619,海池7237
12202620,海池7237
12202621,海池7237
12202622,海池7237
12202623,海池7237
12202624,海池7237
12202625,海池7237
12202626,海池7237
12202627,海池7237
12202628,海池7237
12202629,海池7237
12202630,海池7237
12202631,海池7237
12202632,海池7237
12202633,海池7237
12202634,海池7237
12202635,海池7237
12202636,海池7237
12202637,海池7237
12202638,海池7237
12202639,海池7237
12202640,海池7237
12202641,海池7237
12202642,海池7237
12202643,海池7237
12202644,海池7237
12202645,海池7237
12202646,海池7237
12202647,海池7237
12202648,海池7237
12202649,海池7237
12202650,海池7237
12202651,海池7237
12202652,海池7237
12202653,海池7237
12202654,海池7237
12202655,海池7237
12202656,海池7237
12202657,海池7237
12202658,海池7237
12202659,海池7237
12202660,海池7237
12202661,海池7237
12202662,海池7237
12202663,海池7237
12202664,海池7237
12202665,海池7237
12202666,海池7237
12202667,海池7237
12202668,海池7237
12202669,海池7237
12202670,海池7237
12202671,海池7237
12202672,海池7237
12202673,海池7237
12202674,海池7237
12202675,海池7237
12202676,海池7237
12202677,海池7237
12202678,海池7237
12202679,海池7237
12202680,海池7237
12202681,海池7237
12202682,海池7237
12202683,海池7237
12202684,海池7237
12202685,海池7237
12202686,海池7237
12202687,海池7237
12202688,海池7237
12202689,海池7237
12202690,海池7237
12202691,海池7237
12202692,海池7237
12202693,海池7237
12202694,海池7237
12202695,海池7237
12202696,海池7237
12202697,海池7237
12202698,海池7237
12202699,海池7237
12202700,海池7237
12202701,海池7237
12202702,海池7237
12202703,海池7237
12202704,海池7237
12202705,海池7237
12202706,海池7237
12202707,海池7237
12202708,海池7237
12202709,海池7237
12202710,海池7237
12202711,海池7237
12202712,海池7237
12202713,海池7237
12202714,海池7237
12202715,海池7237
12202716,海池7237
12202717,海池7237
12202718,海池7237
12202719,海池7237
12202720,海池7237
12202721,海池7237
12202722,海池7237
12202723,海池7237
12202724,海池7237
12202725,海池7237
12202726,海池7237
12202727,海池7237
12202728,海池7237
12202729,海池7237
12202730,海池7237
12202731,海池7237
12202732,海池7237
12202733,海池7237
12202734,海池7237
12202735,海池7237
12202736,海池7237
12202737,海池7237
12202738,海池7237
12202739,海池7237
12202740,海池7237
12202741,海池7237
12202742,海池7237
12202743,海池7237
12202744,海池7237
12202745,海池7237
12202746,海池7237
12202747,海池7237
12202748,海池7237
12202749,海池7237
12202750,海池7237
12202751,海池7237
12202752,海池7237
12202753,海池7237
12202754,海池7237
12202755,海池7237
12202756,海池7237
12202757,海池7237
12202758,海池7237
12202759,海池7237
12202760,海池7237
12202761,海池7237
12202762,海池7237
12202763,海池7237
12202764,海池7237
12202765,海池7237
12202766,海池7237
12202767,海池7237
12202768,海池7237
12202769,海池7237
12202770,海池7237
12202771,海池7237
12202772,海池7237
12202773,海池7237
12202774,海池7237
12202775,海池7237
12202776,海池7237
12202777,海池7237
12202778,海池7237
12202779,海池7237
12202780,海池7237
12202781,海池7237
12202782,海池7237
12202783,海池7237
12202784,海池7237
12202785,海池7237
12202786,海池7237
12202787,海池7237
12202788,海池7237
12202789,海池7237
12202790,海池7237
12202791,海池7237
12202792,海池7237
12202793,海池7237
12202794,海池7237
12202795,海池7237
12202796,海池7237
12202797,海池7237
12202798,海池7237
12202799,海池7237
12202800,海池7237
12202801,海池7237
12202802,海池7237
12202803,海池7237
12202804,海池7237
12202805,海池7237
12202806,海池7237
12202807,海池7237
12202808,海池7237
12202809,海池7237
12202810,海池7237
12202811,海池7237
12202812,海池7237
12202813,海池7237
12202814,海池7237
12202815,海池7237
12202816,海池7237
12202817,海池7237
12202818,海池7237
12202819,海池7237
12202820,海池7237
12202821,海池7237
12202822,海池7237
12202823,海池7237
12202824,海池7237
12202825,海池7237
12202826,海池7237
12202827,海池7237
12202828,海池7237
12202829,海池7237
12202830,海池7237
12202831,海池7237
12202832,海池7237
12202833,海池7237
12202834,海池7237
12202835,海池7237
12202836,海池7237
12202837,海池7237
12202838,海池7237
12202839,海池7237
12202840,海池7237
12202841,海池7237
12202842,海池7237
12202843,海池7237
12202844,海池7237
12202845,海池7237
12202846,海池7237
12202847,海池7237
12202848,海池7237
12202849,海池7237
12202850,海池7237
12202851,海池7237
12202852,海池7237
12202853,海池7237
12202854,海池7237
12202855,海池7237
12202856,海池7237
12202857,海池7237
12202858,海池7237
12202859,海池7237
12202860,海池7237
12202861,海池7237
12202862,海池7237
12202863,海池7237
12202864,海池7237
12202865,海池7237
12202866,海池7237
12202867,海池7237
12202868,海池7237
12202869,海池7237
12202870,海池7237
12202871,海池7237
12202872,海池7237
12202873,海池7237
12202874,海池7237
12202875,海池7237
12202876,海池7237
12202877,海池7237
12202878,海池7237
12202879,海池7237
12202880,海池7237
12202881,海池7237
12202882,海池7237
12202883,海池7237
12202884,海池7237
12202885,海池7237
12202886,海池7237
12202887,海池7237
12202888,海池7237
12202889,海池7237
12202890,海池7237
12202891,海池7237
12202892,海池7237
12202893,海池7237
12202894,海池7237
12202895,海池7237
12202896,海池7237
12202897,海池7237
12202898,海池7237
12202899,海池7237
12202900,海池7237
12202901,海池7237
12202902,海池7237
12202903,海池7237
12202904,海池7237
12202905,海池7237
12202906,海池7237
12202907,海池7237
12202908,海池7237
12202909,海池7237
12202910,海池7237
12202911,海池7237
12202912,海池7237
12202913,海池7237
12202914,海池7237
12202915,海池7237
12202916,海池7237
12202917,海池7237
12202918,海池7237
12202919,海池7237
12202920,海池7237
12202921,海池7237
12202922,海池7237
12202923,海池7237
12202924,海池7237
12202925,海池7237
12202926,海池7237
12202927,海池7237
12202928,海池7237
12202929,海池7237
12202930,海池7237
12202931,海池7237
12202932,海池7237
12202933,海池7237
12202934,海池7237
12202935,海池7237
12202936,海池7237
12202937,海池7237
12202938,海池7237
12202939,海池7237
12202940,海池7237
12202941,海池7237
12202942,海池7237
12202943,海池7237
12202944,海池7237
12202945,海池7237
12202946,海池7237
12202947,海池7237
12202948,海池7237
12202949,海池7237
12202950,海池7237
12202951,海池7237
12202952,海池7237
12202953,海池7237
12202954,海池7237
12202955,海池7237
12202956,海池7237
12202957,海池7237
12202958,海池7237
12202959,海池7237
12202960,海池7237
12202961,海池7237
12202962,海池7237
12202963,海池7237
12202964,海池7237
12202965,海池7237
12202966,海池7237
12202967,海池7237
12202968,海池7237
12202969,海池7237
12202970,海池7237
12202971,海池7237
12202972,海池7237
12202973,海池7237
12202974,海池7237
12202975,海池7237
12202976,海池7237
12202977,海池7237
12202978,海池7237
12202979,海池7237
12202980,海池7237
12202981,海池7237
12202982,海池7237
12202983,海池7237
12202984,海池7237
12202985,海池7237
12202986,海池7237
12202987,海池7237
12202988,海池7237
12202989,海池7237
12202990,海池7237
12202991,海池7237
12202992,海池7237
12202993,海池7237
12202994,海池7237
12202995,海池7237
12202996,海池7237
12202997,海池7237
12202998,海池7237
12202999,海池7237
12203000,海池7237
12203001,海池7237
12203002,海池7237
12203003,海池7237
12203004,海池7237
12203005,海池7237
12203006,海池7237
12203007,海池7237
12203008,海池7237
12203009,海池7237
12203010,海池7237
12203011,海池7237
12203012,海池7237
12203013,海池7237
12203014,海池7237
12203015,海池7237
12203016,海池7237
12203017,海池7237
12203018,海池7237
12203019,海池7237
12203020,海池7237
12203021,海池7237
12203022,海池7237
12203023,海池7237
12203024,海池7237
12203025,海池7237
12203026,海池7237
12203027,海池7237
12203028,海池7237
12203029,海池7237
12203030,海池7237
12203031,海池7237
12203032,海池7237
12203033,海池7237
12203034,海池7237
12203035,海池7237
12203036,海池7237
12203037,海池7237
12203038,海池7237
12203039,海池7237
12203040,海池7237
12203041,海池7237
12203042,海池7237
12203043,海池7237
12203044,海池7237
12203045,海池7237
12203046,海池7237
12203047,海池7237
12203048,海池7237
12203049,海池7237
12203050,海池7237
12203051,海池7237
12203052,海池7237
12203053,海池7237
12203054,海池7237
12203055,海池7237
12203056,海池7237
12203057,海池7237
12203058,海池7237
12203059,海池7237
12203060,海池7237
12203061,海池7237
12203062,海池7237
12203063,海池7237
12203064,海池7237
12203065,海池7237
12203066,海池7237
12203067,海池7237
12203068,海池7237
12203069,海池7237
12203070,海池7237
12203071,海池7237
12203072,海池7237
12203073,海池7237
12203074,海池7237
12203075,海池7237
12203076,海池7237
12203077,海池7237
12203078,海池7237
12203079,海池7237
12203080,海池7237
12203081,海池7237
12203082,海池7237
12203083,海池7237
12203084,海池7237
12203085,海池7237
12203086,海池7237
12203087,海池7237
12203088,海池7237
12203089,海池7237
12203090,海池7237
12203091,海池7237
12203092,海池7237
12203093,海池7237
12203094,海池7237
12203095,海池7237
12203096,海池7237
12203097,海池7237
12203098,海池7237
12203099,海池7237
12203100,海池7237
12203101,海池7237
12203102,海池7237
12203103,海池7237
12203104,海池7237
12203105,海池7237
12203106,海池7237
12203107,海池7237
12203108,海池7237
12203109,海池7237
12203110,海池7237
12203111,海池7237
12203112,海池7237
12203113,海池7237
12203114,海池7237
12203115,海池7237
12203116,海池7237
12203117,海池7237
12203118,海池7237
12203119,海池7237
12203120,海池7237
12203121,海池7237
12203122,海池7237
12203123,海池7237
12203124,海池7237
12203125,海池7237
12203126,海池7237
12203127,海池7237
12203128,海池7237
12203129,海池7237
12203130,海池7237
12203131,海池7237
12203132,海池7237
12203133,海池7237
12203134,海池7237
12203135,海池7237
12203136,海池7237
12203137,海池7237
12203138,海池7237
12203139,海池7237
12203140,海池7237
12203141,海池7237
12203142,海池7237
12203143,海池7237
12203144,海池7237
12203145,海池7237
12203146,海池7237
12203147,海池7237
12203148,海池7237
12203149,海池7237
12203150,海池7237
12203151,海池7237
12203152,海池7237
12203153,海池7237
12203154,海池7237
12203155,海池7237
12203156,海池7237
12203157,海池7237
12203158,海池7237
12203159,海池7237
12203160,海池7237
12203161,海池7237
12203162,海池7237
12203163,海池7237
12203164,海池7237
12203165,海池7237
12203166,海池7237
12203167,海池7237
12203168,海池7237
12203169,海池7237
12203170,海池7237
12203171,海池7237
12203172,海池7237
12203173,海池7237
12203174,海池7237
12203175,海池7237
12203176,海池7237
12203177,海池7237
12203178,海池7237
12203179,海池7237
12203180,海池7237
12203181,海池7237
12203182,海池7237
12203183,海池7237
12203184,海池7237
12203185,海池7237
12203186,海池7237
12203187,海池7237
12203188,海池7237
12203189,海池7237
12203190,海池7237
12203191,海池7237
12203192,海池7237
12203193,海池7237
12203194,海池7237
12203195,海池7237
12203196,海池7237
12203197,海池7237
12203198,海池7237
12203199,海池7237
12203200,海池7237
12203201,海池7237
12203202,海池7237
12203203,海池7237
12203204,海池7237
12203205,海池7237
12203206,海池7237
12203207,海池7237
12203208,海池7237
12203209,海池7237
12203210,海池7237
12203211,海池7237
12203212,海池7237
12203213,海池7237
12203214,海池7237
12203215,海池7237
12203216,海池7237
12203217,海池7237
12203218,海池7237
12203219,海池7237
12203220,海池7237
12203221,海池7237
12203222,海池7237
12203223,海池7237
12203224,海池7237
12203225,海池7237
12203226,海池7237
12203227,海池7237
12203228,海池7237
12203229,海池7237
12203230,海池7237
12203231,海池7237
12203232,海池7237
12203233,海池7237
12203234,海池7237
12203235,海池7237
12203236,海池7237
12203237,海池7237
12203238,海池7237
12203239,海池7237
12203240,海池7237
12203241,海池7237
12203242,海池7237
12203243,海池7237
12203244,海池7237
12203245,海池7237
12203246,海池7237
12203247,海池7237
12203248,海池7237
12203249,海池7237
12203250,海池7237
12203251,海池7237
12203252,海池7237
12203253,海池7237
12203254,海池7237
12203255,海池7237
12203256,海池7237
12203257,海池7237
12203258,海池7237
12203259,海池7237
12203260,海池7237
12203261,海池7237
12203262,海池7237
12203263,海池7237
12203264,海池7237
12203265,海池7237
12203266,海池7237
12203267,海池7237
12203268,海池7237
12203269,海池7237
12203270,海池7237
12203271,海池7237
12203272,海池7237
12203273,海池7237
12203274,海池7237
12203275,海池7237
12203276,海池7237
12203277,海池7237
12203278,海池7237
12203279,海池7237
12203280,海池7237
12203281,海池7237
12203282,海池7237
12203283,海池7237
12203284,海池7237
12203285,海池7237
12203286,海池7237
12203287,海池7237
12203288,海池7237
12203289,海池7237
12203290,海池7237
12203291,海池7237
12203292,海池7237
12203293,海池7237
12203294,海池7237
12203295,海池7237
12203296,海池7237
12203297,海池7237
12203298,海池7237
12203299,海池7237
12203300,海池7237
12203301,海池7237
12203302,海池7237
12203303,海池7237
12203304,海池7237
12203305,海池7237
12203306,海池7237
12203307,海池7237
12203308,海池7237
12203309,海池7237
12203310,海池7237
12203311,海池7237
12203312,海池7237
12203313,海池7237
12203314,海池7237
12203315,海池7237
12203316,海池7237
12203317,海池7237
12203318,海池7237
12203319,海池7237
12203320,海池7237
12203321,海池7237
12203322,海池7237
12203323,海池7237
12203324,海池7237
12203325,海池7237
12203326,海池7237
12203327,海池7237
12203328,海池7237
12203329,海池7237
12203330,海池7237
12203331,海池7237
12203332,海池7237
12203333,海池7237
12203334,海池7237
12203335,海池7237
12203336,海池7237
12203337,海池7237
12203338,海池7237
12203339,海池7237
12203340,海池7237
12203341,海池7237
12203342,海池7237
12203343,海池7237
12203344,海池7237
12203345,海池7237
12203346,海池7237
12203347,海池7237
12203348,海池7237
12203349,海池7237
12203350,海池7237
12203351,海池7237
12203352,海池7237
12203353,海池7237
12203354,海池7237
12203355,海池7237
12203356,海池7237
12203357,海池7237
12203358,海池7237
12203359,海池7237
12203360,海池7237
12203361,海池7237
12203362,海池7237
12203363,海池7237
12203364,海池7237
12203365,海池7237
12203366,海池7237
12203367,海池7237
12203368,海池7237
12203369,海池7237
12203370,海池7237
12203371,海池7237
12203372,海池7237
12203373,海池7237
12203374,海池7237
12203375,海池7237
12203376,海池7237
12203377,海池7237
12203378,海池7237
12203379,海池7237
12203380,海池7237
12203381,海池7237
12203382,海池7237
12203383,海池7237
12203384,海池7237
12203385,海池7237
12203386,海池7237
12203387,海池7237
12203388,海池7237
12203389,海池7237
12203390,海池7237
12203391,海池7237
12203392,海池7237
12203393,海池7237
12203394,海池7237
12203395,海池7237
12203396,海池7237
12203397,海池7237
12203398,海池7237
12203399,海池7237
12203400,海池7237
12203401,海池7237
12203402,海池7237
12203403,海池7237
12203404,海池7237
12203405,海池7237
12203406,海池7237
12203407,海池7237
12203408,海池7237
12203409,海池7237
12203410,海池7237
12203411,海池7237
12203412,海池7237
12203413,海池7237
12203414,海池7237
12203415,海池7237
12203416,海池7237
12203417,海池7237
12203418,海池7237
12203419,海池7237
12203420,海池7237
12203421,海池7237
12203422,海池7237
12203423,海池7237
12203424,海池7237
12203425,海池7237
12203426,海池7237
12203427,海池7237
12203428,海池7237
12203429,海池7237
12203430,海池7237
12203431,海池7237
12203432,海池7237
12203433,海池7237
12203434,海池7237
12203435,海池7237
12203436,海池7237
12203437,海池7237
12203438,海池7237
12203439,海池7237
12203440,海池7237
12203441,海池7237
12203442,海池7237
12203443,海池7237
12203444,海池7237
12203445,海池7237
12203446,海池7237
12203447,海池7237
12203448,海池7237
12203449,海池7237
12203450,海池7237
12203451,海池7237
12203452,海池7237
12203453,海池7237
12203454,海池7237
12203455,海池7237
12203456,海池7237
12203457,海池7237
12203458,海池7237
12203459,海池7237
12203460,海池7237
12203461,海池7237
12203462,海池7237
12203463,海池7237
12203464,海池7237
12203465,海池7237
12203466,海池7237
12203467,海池7237
12203468,海池7237
12203469,海池7237
12203470,海池7237
12203471,海池7237
12203472,海池7237
12203473,海池7237
12203474,海池7237
12203475,海池7237
12203476,海池7237
12203477,海池7237
12203478,海池7237
12203479,海池7237
12203480,海池7237
12203481,海池7237
12203482,海池7237
12203483,海池7237
12203484,海池7237
12203485,海池7237
12203486,海池7237
12203487,海池7237
12203488,海池7237
12203489,海池7237
12203490,海池7237
12203491,海池7237
12203492,海池7237
12203493,海池7237
12203494,海池7237
12203495,海池7237
12203496,海池7237
12203497,海池7237
12203498,海池7237
12203499,海池7237
12203500,海池7237
12203501,海池7237
12203502,海池7237
12203503,海池7237
12203504,海池7237
12203505,海池7237
12203506,海池7237
12203507,海池7237
12203508,海池7237
12203509,海池7237
12203510,海池7237
12203511,海池7237
12203512,海池7237
12203513,海池7237
12203514,海池7237
12203515,海池7237
12203516,海池7237
12203517,海池7237
12203518,海池7237
12203519,海池7237
12203520,海池7237
12203521,海池7237
12203522,海池7237
12203523,海池7237
12203524,海池7237
12203525,海池7237
12203526,海池7237
12203527,海池7237
12203528,海池7237
12203529,海池7237
12203530,海池7237
12203531,海池7237
12203532,海池7237
12203533,海池7237
12203534,海池7237
12203535,海池7237
12203536,海池7237
12203537,海池7237
12203538,海池7237
12203539,海池7237
12203540,海池7237
12203541,海池7237
12203542,海池7237
12203543,海池7237
12203544,海池7237
12203545,海池7237
12203546,海池7237
12203547,海池7237
12203548,海池7237
12203549,海池7237
12203550,海池7237
12203551,海池7237
12203552,海池7237
12203553,海池7237
12203554,海池7237
12203555,海池7237
12203556,海池7237
12203557,海池7237
12203558,海池7237
12203559,海池7237
12203560,海池7237
12203561,海池7237
12203562,海池7237
12203563,海池7237
12203564,海池7237
12203565,海池7237
12203566,海池7237
12203567,海池7237
12203568,海池7237
12203569,海池7237
12203570,海池7237
12203571,海池7237
12203572,海池7237
12203573,海池7237
12203574,海池7237
12203575,海池7237
12203576,海池7237
12203577,海池7237
12203578,海池7237
12203579,海池7237
12203580,海池7237
12203581,海池7237
12203582,海池7237
12203583,海池7237
12203584,海池7237
12203585,海池7237
12203586,海池7237
12203587,海池7237
12203588,海池7237
12203589,海池7237
12203590,海池7237
12203591,海池7237
12203592,海池7237
12203593,海池7237
12203594,海池7237
12203595,海池7237
12203596,海池7237
12203597,海池7237
12203598,海池7237
12203599,海池7237
12203600,海池7237
12203601,海池7237
12203602,海池7237
12203603,海池7237
12203604,海池7237
12203605,海池7237
12203606,海池7237
12203607,海池7237
12203608,海池7237
12203609,海池7237
12203610,海池7237
12203611,海池7237
12203612,海池7237
12203613,海池7237
12203614,海池7237
12203615,海池7237
12203616,海池7237
12203617,海池7237
12203618,海池7237
12203619,海池7237
12203620,海池7237
12203621,海池7237
12203622,海池7237
12203623,海池7237
12203624,海池7237
12203625,海池7237
12203626,海池7237
12203627,海池7237
12203628,海池7237
12203629,海池7237
12203630,海池7237
12203631,海池7237
12203632,海池7237
12203633,海池7237
12203634,海池7237
12203635,海池7237
12203636,海池7237
12203637,海池7237
12203638,海池7237
12203639,海池7237
12203640,海池7237
12203641,海池7237
12203642,海池7237
12203643,海池7237
12203644,海池7237
12203645,海池7237
12203646,海池7237
12203647,海池7237
12203648,海池7237
12203649,海池7237
12203650,海池7237
12203651,海池7237
12203652,海池7237
12203653,海池7237
12203654,海池7237
12203655,海池7237
12203656,海池7237
12203657,海池7237
12203658,海池7237
12203659,海池7237
12203660,海池7237
12203661,海池7237
12203662,海池7237
12203663,海池7237
12203664,海池7237
12203665,海池7237
12203666,海池7237
12203667,海池7237
12203668,海池7237
12203669,海池7237
12203670,海池7237
12203671,海池7237
12203672,海池7237
12203673,海池7237
12203674,海池7237
12203675,海池7237
12203676,海池7237
12203677,海池7237
12203678,海池7237
12203679,海池7237
12203680,海池7237
12203681,海池7237
12203682,海池7237
12203683,海池7237
12203684,海池7237
12203685,海池7237
12203686,海池7237
12203687,海池7237
12203688,海池7237
12203689,海池7237
12203690,海池7237
12203691,海池7237
12203692,海池7237
12203693,海池7237
12203694,海池7237
12203695,海池7237
12203696,海池7237
12203697,海池7237
12203698,海池7237
12203699,海池7237
12203700,海池7237
12203701,海池7237
12203702,海池7237
12203703,海池7237
12203704,海池7237
12203705,海池7237
12203706,海池7237
12203707,海池7237
12203708,海池7237
12203709,海池7237
12203710,海池7237
12203711,海池7237
12203712,海池7237
12203713,海池7237
12203714,海池7237
12203715,海池7237
12203716,海池7237
12203717,海池7237
12203718,海池7237
12203719,海池7237
12203720,海池7237
12203721,海池7237
12203722,海池7237
12203723,海池7237
12203724,海池7237
12203725,海池7237
12203726,海池7237
12203727,海池7237
12203728,海池7237
12203729,海池7237
12203730,海池7237
12203731,海池7237
12203732,海池7237
12203733,海池7237
12203734,海池7237
12203735,海池7237
12203736,海池7237
12203737,海池7237
12203738,海池7237
12203739,海池7237
12203740,海池7237
12203741,海池7237
12203742,海池7237
12203743,海池7237
12203744,海池7237
12203745,海池7237
12203746,海池7237
12203747,海池7237
12203748,海池7237
12203749,海池7237
12203750,海池7237
12203751,海池7237
12203752,海池7237
12203753,海池7237
12203754,海池7237
12203755,海池7237
12203756,海池7237
12203757,海池7237
12203758,海池7237
12203759,海池7237
12203760,海池7237
12203761,海池7237
12203762,海池7237
12203763,海池7237
12203764,海池7237
12203765,海池7237
12203766,海池7237
12203767,海池7237
12203768,海池7237
12203769,海池7237
12203770,海池7237
12203771,海池7237
12203772,海池7237
12203773,海池7237
12203774,海池7237
12203775,海池7237
12203776,海池7237
12203777,海池7237
12203778,海池7237
12203779,海池7237
12203780,海池7237
12203781,海池7237
12203782,海池7237
12203783,海池7237
12203784,海池7237
12203785,海池7237
12203786,海池7237
12203787,海池7237
12203788,海池7237
12203789,海池7237
12203790,海池7237
12203791,海池7237
12203792,海池7237
12203793,海池7237
12203794,海池7237
12203795,海池7237
12203796,海池7237
12203797,海池7237
12203798,海池7237
12203799,海池7237
12203800,海池7237
12203801,海池7237
12203802,海池7237
12203803,海池7237
12203804,海池7237
12203805,海池7237
12203806,海池7237
12203807,海池7237
12203808,海池7237
12203809,海池7237
12203810,海池7237
12203811,海池7237
12203812,海池7237
12203813,海池7237
12203814,海池7237
12203815,海池7237
12203816,海池7237
12203817,海池7237
12203818,海池7237
12203819,海池7237
12203820,海池7237
12203821,海池7237
12203822,海池7237
12203823,海池7237
12203824,海池7237
12203825,海池7237
12203826,海池7237
12203827,海池7237
12203828,海池7237
12203829,海池7237
12203830,海池7237
12203831,海池7237
12203832,海池7237
12203833,海池7237
12203834,海池7237
12203835,海池7237
12203836,海池7237
12203837,海池7237
12203838,海池7237
12203839,海池7237
12203840,海池7237
12203841,海池7237
12203842,海池7237
12203843,海池7237
12203844,海池7237
12203845,海池7237
12203846,海池7237
12203847,海池7237
12203848,海池7237
12203849,海池7237
12203850,海池7237
12203851,海池7237
12203852,海池7237
12203853,海池7237
12203854,海池7237
12203855,海池7237
12203856,海池7237
12203857,海池7237
12203858,海池7237
12203859,海池7237
12203860,海池7237
12203861,海池7237
12203862,海池7237
12203863,海池7237
12203864,海池7237
12203865,海池7237
12203866,海池7237
12203867,海池7237
12203868,海池7237
12203869,海池7237
12203870,海池7237
12203871,海池7237
12203872,海池7237
12203873,海池7237
12203874,海池7237
12203875,海池7237
12203876,海池7237
12203877,海池7237
12203878,海池7237
12203879,海池7237
12203880,海池7237
12203881,海池7237
12203882,海池7237
12203883,海池7237
12203884,海池7237
12203885,海池7237
12203886,海池7237
12203887,海池7237
12203888,海池7237
12203889,海池7237
12203890,海池7237
12203891,海池7237
12203892,海池7237
12203893,海池7237
12203894,海池7237
12203895,海池7237
12203896,海池7237
12203897,海池7237
12203898,海池7237
12203899,海池7237
12203900,海池7237
12203901,海池7237
12203902,海池7237
12203903,海池7237
12203904,海池7237
12203905,海池7237
12203906,海池7237
12203907,海池7237
12203908,海池7237
12203909,海池7237
12203910,海池7237
12203911,海池7237
12203912,海池7237
12203913,海池7237
12203914,海池7237
12203915,海池7237
12203916,海池7237
12203917,海池7237
12203918,海池7237
12203919,海池7237
12203920,海池7237
12203921,海池7237
12203922,海池7237
12203923,海池7237
12203924,海池7237
12203925,海池7237
12203926,海池7237
12203927,海池7237
12203928,海池7237
12203929,海池7237
12203930,海池7237
12203931,海池7237
12203932,海池7237
12203933,海池7237
12203934,海池7237
12203935,海池7237
12203936,海池7237
12203937,海池7237
12203938,海池7237
12203939,海池7237
12203940,海池7237
12203941,海池7237
12203942,海池7237
12203943,海池7237
12203944,海池7237
12203945,海池7237
12203946,海池7237
12203947,海池7237
12203948,海池7237
12203949,海池7237
12203950,海池7237
12203951,海池7237
12203952,海池7237
12203953,海池7237
12203954,海池7237
12203955,海池7237
12203956,海池7237
12203957,海池7237
12203958,海池7237
12203959,海池7237
12203960,海池7237
12203961,海池7237
12203962,海池7237
12203963,海池7237
12203964,海池7237
12203965,海池7237
12203966,海池7237
12203967,海池7237
12203968,海池7237
12203969,海池7237
12203970,海池7237
12203971,海池7237
12203972,海池7237
12203973,海池7237
12203974,海池7237
12203975,海池7237
12203976,海池7237
12203977,海池7237
12203978,海池7237
12203979,海池7237
12203980,海池7237
12203981,海池7237
12203982,海池7237
12203983,海池7237
12203984,海池7237
12203985,海池7237
12203986,海池7237
12203987,海池7237
12203988,海池7237
12203989,海池7237
12203990,海池7237
12203991,海池7237
12203992,海池7237
12203993,海池7237
12203994,海池7237
12203995,海池7237
12203996,海池7237
12203997,海池7237
12203998,海池7237
12203999,海池7237
12204000,海池7237
12204001,海池7237
12204002,海池7237
12204003,海池7237
12204004,海池7237
12204005,海池7237
12204006,海池7237
12204007,海池7237
12204008,海池7237
12204009,海池7237
12204010,海池7237
12204011,海池7237
12204012,海池7237
12204013,海池7237
12204014,海池7237
12204015,海池7237
12204016,海池7237
12204017,海池7237
12204018,海池7237
12204019,海池7237
12204020,海池7237
12204021,海池7237
12204022,海池7237
12204023,海池7237
12204024,海池7237
12204025,海池7237
12204026,海池7237
12204027,海池7237
12204028,海池7237
12204029,海池7237
12204030,海池7237
12204031,海池7237
12204032,海池7237
12204033,海池7237
12204034,海池7237
12204035,海池7237
12204036,海池7237
12204037,海池7237
12204038,海池7237
12204039,海池7237
12204040,海池7237
12204041,海池7237
12204042,海池7237
12204043,海池7237
12204044,海池7237
12204045,海池7237
12204046,海池7237
12204047,海池7237
12204048,海池7237
12204049,海池7237
12204050,海池7237
12204051,海池7237
12204052,海池7237
12204053,海池7237
12204054,海池7237
12204055,海池7237
12204056,海池7237
12204057,海池7237
12204058,海池7237
12204059,海池7237
12204060,海池7237
12204061,海池7237
12204062,海池7237
12204063,海池7237
12204064,海池7237
12204065,海池7237
12204066,海池7237
12204067,海池7237
12204068,海池7237
12204069,海池7237
12204070,海池7237
12204071,海池7237
12204072,海池7237
12204073,海池7237
12204074,海池7237
12204075,海池7237
12204076,海池7237
12204077,海池7237
12204078,海池7237
12204079,海池7237
12204080,海池7237
12204081,海池7237
12204082,海池7237
12204083,海池7237
12204084,海池7237
12204085,海池7237
12204086,海池7237
12204087,海池7237
12204088,海池7237
12204089,海池7237
12204090,海池7237
12204091,海池7237
12204092,海池7237
12204093,海池7237
12204094,海池7237
12204095,海池7237
12204096,海池7237
12204097,海池7237
12204098,海池7237
12204099,海池7237
12204100,海池7237
12204101,海池7237
12204102,海池7237
12204103,海池7237
12204104,海池7237
12204105,海池7237
12204106,海池7237
12204107,海池7237
12204108,海池7237
12204109,海池7237
12204110,海池7237
12204111,海池7237
12204112,海池7237
12204113,海池7237
12204114,海池7237
12204115,海池7237
12204116,海池7237
12204117,海池7237
12204118,海池7237
12204119,海池7237
12204120,海池7237
12204121,海池7237
12204122,海池7237
12204123,海池7237
12204124,海池7237
12204125,海池7237
12204126,海池7237
12204127,海池7237
12204128,海池7237
12204129,海池7237
12204130,海池7237
12204131,海池7237
12204132,海池7237
12204133,海池7237
12204134,海池7237
12204135,海池7237
12204136,海池7237
12204137,海池7237
12204138,海池7237
12204139,海池7237
12204140,海池7237
12204141,海池7237
12204142,海池7237
12204143,海池7237
12204144,海池7237
12204145,海池7237
12204146,海池7237
12204147,海池7237
12204148,海池7237
12204149,海池7237
12204150,海池7237
12204151,海池7237
12204152,海池7237
12204153,海池7237
12204154,海池7237
12204155,海池7237
12204156,海池7237
12204157,海池7237
12204158,海池7237
12204159,海池7237
12204160,海池7237
12204161,海池7237
12204162,海池7237
12204163,海池7237
12204164,海池7237
12204165,海池7237
12204166,海池7237
12204167,海池7237
12204168,海池7237
12204169,海池7237
12204170,海池7237
12204171,海池7237
12204172,海池7237
12204173,海池7237
12204174,海池7237
12204175,海池7237
12204176,海池7237
12204177,海池7237
12204178,海池7237
12204179,海池7237
12204180,海池7237
12204181,海池7237
12204182,海池7237
12204183,海池7237
12204184,海池7237
12204185,海池7237
12204186,海池7237
12204187,海池7237
12204188,海池7237
12204189,海池7237
12204190,海池7237
12204191,海池7237
12204192,海池7237
12204193,海池7237
12204194,海池7237
12204195,海池7237
12204196,海池7237
12204197,海池7237
12204198,海池7237
12204199,海池7237
12204200,海池7237
12204201,海池7237
12204202,海池7237
12204203,海池7237
12204204,海池7237
12204205,海池7237
12204206,海池7237
12204207,海池7237
12204208,海池7237
12204209,海池7237
12204210,海池7237
12204211,海池7237
12204212,海池7237
12204213,海池7237
12204214,海池7237
12204215,海池7237
12204216,海池7237
12204217,海池7237
12204218,海池7237
12204219,海池7237
12204220,海池7237
12204221,海池7237
12204222,海池7237
12204223,海池7237
12204224,海池7237
12204225,海池7237
12204226,海池7237
12204227,海池7237
12204228,海池7237
12204229,海池7237
12204230,海池7237
12204231,海池7237
12204232,海池7237
12204233,海池7237
12204234,海池7237
12204235,海池7237
12204236,海池7237
12204237,海池7237
12204238,海池7237
12204239,海池7237
12204240,海池7237
12204241,海池7237
12204242,海池7237
12204243,海池7237
12204244,海池7237
12204245,海池7237
12204246,海池7237
12204247,海池7237
12204248,海池7237
12204249,海池7237
12204250,海池7237
12204251,海池7237
12204252,海池7237
12204253,海池7237
12204254,海池7237
12204255,海池7237
12204256,海池7237
12204257,海池7237
12204258,海池7237
12204259,海池7237
12204260,海池7237
12204261,海池7237
12204262,海池7237
12204263,海池7237
12204264,海池7237
12204265,海池7237
12204266,海池7237
12204267,海池7237
12204268,海池7237
12204269,海池7237
12204270,海池7237
12204271,海池7237
12204272,海池7237
12204273,海池7237
12204274,海池7237
12204275,海池7237
12204276,海池7237
12204277,海池7237
12204278,海池7237
12204279,海池7237
12204280,海池7237
12204281,海池7237
12204282,海池7237
12204283,海池7237
12204284,海池7237
12204285,海池7237
12204286,海池7237
12204287,海池7237
12204288,海池7237
12204289,海池7237
12204290,海池7237
12204291,海池7237
12204292,海池7237
12204293,海池7237
12204294,海池7237
12204295,海池7237
12204296,海池7237
12204297,海池7237
12204298,海池7237
12204299,海池7237
12204300,海池7237
12204301,海池7237
12204302,海池7237
12204303,海池7237
12204304,海池7237
12204305,海池7237
12204306,海池7237
12204307,海池7237
12204308,海池7237
12204309,海池7237
12204310,海池7237
12204311,海池7237
12204312,海池7237
12204313,海池7237
12204314,海池7237
12204315,海池7237
12204316,海池7237
12204317,海池7237
12204318,海池7237
12204319,海池7237
12204320,海池7237
12204321,海池7237
12204322,海池7237
12204323,海池7237
12204324,海池7237
12204325,海池7237
12204326,海池7237
12204327,海池7237
12204328,海池7237
12204329,海池7237
12204330,海池7237
12204331,海池7237
12204332,海池7237
12204333,海池7237
12204334,海池7237
12204335,海池7237
12204336,海池7237
12204337,海池7237
12204338,海池7237
12204339,海池7237
12204340,海池7237
12204341,海池7237
12204342,海池7237
12204343,海池7237
12204344,海池7237
12204345,海池7237
12204346,海池7237
12204347,海池7237
12204348,海池7237
12204349,海池7237
12204350,海池7237
12204351,海池7237
12204352,海池7237
12204353,海池7237
12204354,海池7237
12204355,海池7237
12204356,海池7237
12204357,海池7237
12204358,海池7237
12204359,海池7237
12204360,海池7237
12204361,海池7237
12204362,海池7237
12204363,海池7237
12204364,海池7237
12204365,海池7237
12204366,海池7237
12204367,海池7237
12204368,海池7237
12204369,海池7237
12204370,海池7237
12204371,海池7237
12204372,海池7237
12204373,海池7237
12204374,海池7237
12204375,海池7237
12204376,海池7237
12204377,海池7237
12204378,海池7237
12204379,海池7237
12204380,海池7237
12204381,海池7237
12204382,海池7237
12204383,海池7237
12204384,海池7237
12204385,海池7237
12204386,海池7237
12204387,海池7237
12204388,海池7237
12204389,海池7237
12204390,海池7237
12204391,海池7237
12204392,海池7237
12204393,海池7237
12204394,海池7237
12204395,海池7237
12204396,海池7237
12204397,海池7237
12204398,海池7237
12204399,海池7237
12204400,海池7237
12204401,海池7237
12204402,海池7237
12204403,海池7237
12204404,海池7237
12204405,海池7237
12204406,海池7237
12204407,海池7237
12204408,海池7237
12204409,海池7237
12204410,海池7237
12204411,海池7237
12204412,海池7237
12204413,海池7237
12204414,海池7237
12204415,海池7237
12204416,海池7237
12204417,海池7237
12204418,海池7237
12204419,海池7237
12204420,海池7237
12204421,海池7237
12204422,海池7237
12204423,海池7237
12204424,海池7237
12204425,海池7237
12204426,海池7237
12204427,海池7237
12204428,海池7237
12204429,海池7237
12204430,海池7237
12204431,海池7237
12204432,海池7237
12204433,海池7237
12204434,海池7237
12204435,海池7237
12204436,海池7237
12204437,海池7237
12204438,海池7237
12204439,海池7237
12204440,海池7237
12204441,海池7237
12204442,海池7237
12204443,海池7237
12204444,海池7237
12204445,海池7237
12204446,海池7237
12204447,海池7237
12204448,海池7237
12204449,海池7237
12204450,海池7237
12204451,海池7237
12204452,海池7237
12204453,海池7237
12204454,海池7237
12204455,海池7237
12204456,海池7237
12204457,海池7237
12204458,海池7237
12204459,海池7237
12204460,海池7237
12204461,海池7237
12204462,海池7237
12204463,海池7237
12204464,海池7237
12204465,海池7237
12204466,海池7237
12204467,海池7237
12204468,海池7237
12204469,海池7237
12204470,海池7237
12204471,海池7237
12204472,海池7237
12204473,海池7237
12204474,海池7237
12204475,海池7237
12204476,海池7237
12204477,海池7237
12204478,海池7237
12204479,海池7237
12204480,海池7237
12204481,海池7237
12204482,海池7237
12204483,海池7237
12204484,海池7237
12204485,海池7237
12204486,海池7237
12204487,海池7237
12204488,海池7237
12204489,海池7237
12204490,海池7237
12204491,海池7237
12204492,海池7237
12204493,海池7237
12204494,海池7237
12204495,海池7237
12204496,海池7237
12204497,海池7237
12204498,海池7237
12204499,海池7237
12204500,海池7237
12204501,海池7237
12204502,海池7237
12204503,海池7237
12204504,海池7237
12204505,海池7237
12204506,海池7237
12204507,海池7237
12204508,海池7237
12204509,海池7237
12204510,海池7237
12204511,海池7237
12204512,海池7237
12204513,海池7237
12204514,海池7237
12204515,海池7237
12204516,海池7237
12204517,海池7237
12204518,海池7237
12204519,海池7237
12204520,海池7237
12204521,海池7237
12204522,海池7237
12204523,海池7237
12204524,海池7237
12204525,海池7237
12204526,海池7237
12204527,海池7237
12204528,海池7237
12204529,海池7237
12204530,海池7237
12204531,海池7237
12204532,海池7237
12204533,海池7237
12204534,海池7237
12204535,海池7237
12204536,海池7237
12204537,海池7237
12204538,海池7237
12204539,海池7237
12204540,海池7237
12204541,海池7237
12204542,海池7237
12204543,海池7237
12204544,海池7237
12204545,海池7237
12204546,海池7237
12204547,海池7237
12204548,海池7237
12204549,海池7237
12204550,海池7237
12204551,海池7237
12204552,海池7237
12204553,海池7237
12204554,海池7237
12204555,海池7237
12204556,海池7237
12204557,海池7237
12204558,海池7237
12204559,海池7237
12204560,海池7237
12204561,海池7237
12204562,海池7237
12204563,海池7237
12204564,海池7237
12204565,海池7237
12204566,海池7237
12204567,海池7237
12204568,海池7237
12204569,海池7237
12204570,海池7237
12204571,海池7237
12204572,海池7237
12204573,海池7237
12204574,海池7237
12204575,海池7237
12204576,海池7237
12204577,海池7237
12204578,海池7237
12204579,海池7237
12204580,海池7237
12204581,海池7237
12204582,海池7237
12204583,海池7237
12204584,海池7237
12204585,海池7237
12204586,海池7237
12204587,海池7237
12204588,海池7237
12204589,海池7237
12204590,海池7237
12204591,海池7237
12204592,海池7237
12204593,海池7237
12204594,海池7237
12204595,海池7237
12204596,海池7237
12204597,海池7237
12204598,海池7237
12204599,海池7237
12204600,海池7237
12204601,海池7237
12204602,海池7237
12204603,海池7237
12204604,海池7237
12204605,海池7237
12204606,海池7237
12204607,海池7237
12204608,海池7237
12204609,海池7237
12204610,海池7237
12204611,海池7237
12204612,海池7237
12204613,海池7237
12204614,海池7237
12204615,海池7237
12204616,海池7237
12204617,海池7237
12204618,海池7237
12204619,海池7237
12204620,海池7237
12204621,海池7237
12204622,海池7237
12204623,海池7237
12204624,海池7237
12204625,海池7237
12204626,海池7237
12204627,海池7237
12204628,海池7237
12204629,海池7237
12204630,海池7237
12204631,海池7237
12204632,海池7237
12204633,海池7237
12204634,海池7237
12204635,海池7237
12204636,海池7237
12204637,海池7237
12204638,海池7237
12204639,海池7237
12204640,海池7237
12204641,海池7237
12204642,海池7237
12204643,海池7237
12204644,海池7237
12204645,海池7237
12204646,海池7237
12204647,海池7237
12204648,海池7237
12204649,海池7237
12204650,海池7237
12204651,海池7237
12204652,海池7237
12204653,海池7237
12204654,海池7237
12204655,海池7237
12204656,海池7237
12204657,海池7237
12204658,海池7237
12204659,海池7237
12204660,海池7237
12204661,海池7237
12204662,海池7237
12204663,海池7237
12204664,海池7237
12204665,海池7237
12204666,海池7237
12204667,海池7237
12204668,海池7237
12204669,海池7237
12204670,海池7237
12204671,海池7237
12204672,海池7237
12204673,海池7237
12204674,海池7237
12204675,海池7237
12204676,海池7237
12204677,海池7237
12204678,海池7237
12204679,海池7237
12204680,海池7237
12204681,海池7237
12204682,海池7237
12204683,海池7237
12204684,海池7237
12204685,海池7237
12204686,海池7237
12204687,海池7237
12204688,海池7237
12204689,海池7237
12204690,海池7237
12204691,海池7237
12204692,海池7237
12204693,海池7237
12204694,海池7237
12204695,海池7237
12204696,海池7237
12204697,海池7237
12204698,海池7237
12204699,海池7237
12204700,海池7237
12204701,海池7237
12204702,海池7237
12204703,海池7237
12204704,海池7237
12204705,海池7237
12204706,海池7237
12204707,海池7237
12204708,海池7237
12204709,海池7237
12204710,海池7237
12204711,海池7237
12204712,海池7237
12204713,海池7237
12204714,海池7237
12204715,海池7237
12204716,海池7237
12204717,海池7237
12204718,海池7237
12204719,海池7237
12204720,海池7237
12204721,海池7237
12204722,海池7237
12204723,海池7237
12204724,海池7237
12204725,海池7237
12204726,海池7237
12204727,海池7237
12204728,海池7237
12204729,海池7237
12204730,海池7237
12204731,海池7237
12204732,海池7237
12204733,海池7237
12204734,海池7237
12204735,海池7237
12204736,海池7237
12204737,海池7237
12204738,海池7237
12204739,海池7237
12204740,海池7237
12204741,海池7237
12204742,海池7237
12204743,海池7237
12204744,海池7237
12204745,海池7237
12204746,海池7237
12204747,海池7237
12204748,海池7237
12204749,海池7237
12204750,海池7237
12204751,海池7237
12204752,海池7237
12204753,海池7237
12204754,海池7237
12204755,海池7237
12204756,海池7237
12204757,海池7237
12204758,海池7237
12204759,海池7237
12204760,海池7237
12204761,海池7237
12204762,海池7237
12204763,海池7237
12204764,海池7237
12204765,海池7237
12204766,海池7237
12204767,海池7237
12204768,海池7237
12204769,海池7237
12204770,海池7237
12204771,海池7237
12204772,海池7237
12204773,海池7237
12204774,海池7237
12204775,海池7237
12204776,海池7237
12204777,海池7237
12204778,海池7237
12204779,海池7237
12204780,海池7237
12204781,海池7237
12204782,海池7237
12204783,海池7237
12204784,海池7237
12204785,海池7237
12204786,海池7237
12204788,海池7237
12204789,海池7237
12204790,海池7237
12204791,海池7237
12204792,海池7237
12204793,海池7237
12204794,海池7237
12204795,海池7237
12204796,海池7237
12204797,海池7237
12204798,海池7237
12204799,海池7237
12204800,海池7237
12204801,海池7237
12204802,海池7237
12204803,海池7237
12204804,海池7237
12204805,海池7237
12204806,海池7237
12204807,海池7237
12204808,海池7237
12204809,海池7237
12204810,海池7237
12204811,海池7237
12204812,海池7237
12204813,海池7237
12204814,海池7237
12204815,海池7237
12204816,海池7237
12204817,海池7237
12204818,海池7237
12204819,海池7237
12204820,海池7237
12204821,海池7237
12204822,海池7237
12204823,海池7237
12204824,海池7237
12204825,海池7237
12204826,海池7237
12204827,海池7237
12204828,海池7237
12204829,海池7237
12204830,海池7237
12204831,海池7237
12204832,海池7237
12204833,海池7237
12204834,海池7237
12204835,海池7237
12204836,海池7237
12204837,海池7237
12204838,海池7237
12204839,海池7237
12204840,海池7237
12204841,海池7237
12204842,海池7237
12204843,海池7237
12204844,海池7237
12204845,海池7237
12204846,海池7237
12204847,海池7237
12204848,海池7237
12204849,海池7237
12204850,海池7237
12204851,海池7237
12204852,海池7237
12204853,海池7237
12204854,海池7237
12204855,海池7237
12204856,海池7237
12204857,海池7237
12204858,海池7237
12204859,海池7237
12204860,海池7237
12204861,海池7237
12204862,海池7237
12204863,海池7237
12204864,海池7237
12204865,海池7237
12204866,海池7237
12204867,海池7237
12204868,海池7237
12204869,海池7237
12204870,海池7237
12204871,海池7237
12204872,海池7237
12204873,海池7237
12204874,海池7237
12204875,海池7237
12204876,海池7237
12204877,海池7237
12204878,海池7237
12204879,海池7237
12204880,海池7237
12204881,海池7237
12204882,海池7237
12204883,海池7237
12204884,海池7237
12204885,海池7237
12204886,海池7237
12204887,海池7237
12204888,海池7237
12204889,海池7237
12204890,海池7237
12204891,海池7237
12204892,海池7237
12204893,海池7237
12204894,海池7237
12204895,海池7237
12204896,海池7237
12204897,海池7237
12204898,海池7237
12204899,海池7237
12204900,海池7237
12204901,海池7237
12204902,海池7237
12204903,海池7237
12204904,海池7237
12204905,海池7237
12204906,海池7237
12204907,海池7237
12204908,海池7237
12204909,海池7237
12204910,海池7237
12204911,海池7237
12204912,海池7237
12204913,海池7237
12204914,海池7237
12204915,海池7237
12204916,海池7237
12204917,海池7237
12204918,海池7237
12204919,海池7237
12204920,海池7237
12204921,海池7237
12204922,海池7237
12204923,海池7237
12204924,海池7237
12204925,海池7237
12204926,海池7237
12204927,海池7237
12204928,海池7237
12204929,海池7237
12204930,海池7237
12204931,海池7237
12204932,海池7237
12204933,海池7237
12204934,海池7237
12204935,海池7237
12204936,海池7237
12204937,海池7237
12204938,海池7237
12204939,海池7237
12204940,海池7237
12204941,海池7237
12204942,海池7237
12204943,海池7237
12204944,海池7237
12204945,海池7237
12204946,海池7237
12204947,海池7237
12204948,海池7237
12204949,海池7237
12204950,海池7237
12204951,海池7237
12204952,海池7237
12204953,海池7237
12204954,海池7237
12204955,海池7237
12204956,海池7237
12204957,海池7237
12204958,海池7237
12204959,海池7237
12204960,海池7237
12204961,海池7237
12204962,海池7237
12204963,海池7237
12204964,海池7237
12204965,海池7237
12204966,海池7237
12204967,海池7237
12204968,海池7237
12204969,海池7237
12204970,海池7237
12204971,海池7237
12204972,海池7237
12204973,海池7237
12204974,海池7237
12204975,海池7237
12204976,海池7237
12204977,海池7237
12204978,海池7237
12204979,海池7237
12204980,海池7237
12204981,海池7237
12204982,海池7237
12204983,海池7237
12204984,海池7237
12204985,海池7237
12204986,海池7237
12204987,海池7237
12204988,海池7237
12204989,海池7237
12204990,海池7237
12204991,海池7237
12204992,海池7237
12204993,海池7237
12204994,海池7237
12204995,海池7237
12204996,海池7237
12204997,海池7237
12204998,海池7237
12204999,海池7237
12205000,海池7237
12205001,海池7237
12205002,海池7237
12205003,海池7237
12205004,海池7237
12205005,海池7237
12205006,海池7237
12205007,海池7237
12205008,海池7237
12205009,海池7237
12205010,海池7237
12205011,海池7237
12205012,海池7237
12205013,海池7237
12205014,海池7237
12205015,海池7237
12205016,海池7237
12205017,海池7237
12205018,海池7237
12205019,海池7237
12205020,海池7237
12205021,海池7237
12205022,海池7237
12205023,海池7237
12205024,海池7237
12205025,海池7237
12205026,海池7237
12205027,海池7237
12205028,海池7237
12205029,海池7237
12205030,海池7237
12205031,海池7237
12205032,海池7237
12205033,海池7237
12205034,海池7237
12205035,海池7237
12205036,海池7237
12205037,海池7237
12205038,海池7237
12205039,海池7237
12205040,海池7237
12205041,海池7237
12205042,海池7237
12205043,海池7237
12205044,海池7237
12205045,海池7237
12205046,海池7237
12205047,海池7237
12205048,海池7237
12205049,海池7237
12205050,海池7237
12205051,海池7237
12205052,海池7237
12205053,海池7237
12205054,海池7237
12205055,海池7237
12205056,海池7237
12205057,海池7237
12205058,海池7237
12205059,海池7237
12205060,海池7237
12205061,海池7237
12205062,海池7237
12205063,海池7237
12205064,海池7237
12205065,海池7237
12205066,海池7237
12205067,海池7237
12205068,海池7237
12205069,海池7237
12205070,海池7237
12205071,海池7237
12205072,海池7237
12205073,海池7237
12205074,海池7237
12205075,海池7237
12205076,海池7237
12205077,海池7237
12205078,海池7237
12205079,海池7237
12205080,海池7237
12205081,海池7237
12205082,海池7237
12205083,海池7237
12205084,海池7237
12205085,海池7237
12205086,海池7237
12205087,海池7237
12205088,海池7237
12205089,海池7237
12205090,海池7237
12205091,海池7237
12205092,海池7237
12205093,海池7237
12205094,海池7237
12205095,海池7237
12205096,海池7237
12205097,海池7237
12205098,海池7237
12205099,海池7237
12205100,海池7237
12205101,海池7237
12205102,海池7237
12205103,海池7237
12205104,海池7237
12205105,海池7237
12205106,海池7237
12205107,海池7237
12205108,海池7237
12205109,海池7237
12205110,海池7237
12205111,海池7237
12205112,海池7237
12205113,海池7237
12205114,海池7237
12205115,海池7237
12205116,海池7237
12205117,海池7237
12205118,海池7237
12205119,海池7237
12205120,海池7237
12205121,海池7237
12205122,海池7237
12205123,海池7237
12205124,海池7237
12205125,海池7237
12205126,海池7237
12205127,海池7237
12205128,海池7237
12205129,海池7237
12205130,海池7237
12205131,海池7237
12205132,海池7237
12205133,海池7237
12205134,海池7237
12205135,海池7237
12205136,海池7237
12205137,海池7237
12205138,海池7237
12205139,海池7237
12205140,海池7237
12205141,海池7237
12205142,海池7237
12205143,海池7237
12205144,海池7237
12205145,海池7237
12205146,海池7237
12205147,海池7237
12205148,海池7237
12205149,海池7237
12205150,海池7237
12205151,海池7237
12205152,海池7237
12205153,海池7237
12205154,海池7237
12205155,海池7237
12205156,海池7237
12205157,海池7237
12205158,海池7237
12205159,海池7237
12205160,海池7237
12205161,海池7237
12205162,海池7237
12205163,海池7237
12205164,海池7237
12205165,海池7237
12205166,海池7237
12205167,海池7237
12205168,海池7237
12205169,海池7237
12205170,海池7237
12205171,海池7237
12205172,海池7237
12205173,海池7237
12205174,海池7237
12205175,海池7237
12205176,海池7237
12205177,海池7237
12205178,海池7237
12205179,海池7237
12205180,海池7237
12205181,海池7237
12205182,海池7237
12205183,海池7237
12205184,海池7237
12205185,海池7237
12205186,海池7237
12205187,海池7237
12205188,海池7237
12205189,海池7237
12205190,海池7237
12205191,海池7237
12205192,海池7237
12205193,海池7237
12205194,海池7237
12205195,海池7237
12205196,海池7237
12205197,海池7237
12205198,海池7237
12205199,海池7237
12205200,海池7237
12205201,海池7237
12205202,海池7237
12205203,海池7237
12205204,海池7237
12205205,海池7237
12205206,海池7237
12205207,海池7237
12205208,海池7237
12205209,海池7237
12205210,海池7237
12205211,海池7237
12205212,海池7237
12205213,海池7237
12205214,海池7237
12205215,海池7237
12205216,海池7237
12205217,海池7237
12205218,海池7237
12205219,海池7237
12205220,海池7237
12205221,海池7237
12205222,海池7237
12205223,海池7237
12205224,海池7237
12205225,海池7237
12205226,海池7237
12205227,海池7237
12205228,海池7237
12205229,海池7237
12205230,海池7237
12205231,海池7237
12205232,海池7237
12205233,海池7237
12205234,海池7237
12205235,海池7237
12205236,海池7237
12205237,海池7237
12205238,海池7237
12205239,海池7237
12205240,海池7237
12205241,海池7237
12205242,海池7237
12205243,海池7237
12205244,海池7237
12205245,海池7237
12205246,海池7237
12205247,海池7237
12205248,海池7237
12205249,海池7237
12205250,海池7237
12205251,海池7237
12205252,海池7237
12205253,海池7237
12205254,海池7237
12205255,海池7237
12205256,海池7237
12205257,海池7237
12205258,海池7237
12205259,海池7237
12205260,海池7237
12205261,海池7237
12205262,海池7237
12205263,海池7237
12205264,海池7237
12205265,海池7237
12205266,海池7237
12205267,海池7237
12205268,海池7237
12205269,海池7237
12205270,海池7237
12205271,海池7237
12205272,海池7237
12205273,海池7237
12205274,海池7237
12205275,海池7237
12205276,海池7237
12205277,海池7237
12205278,海池7237
12205279,海池7237
12205280,海池7237
12205281,海池7237
12205282,海池7237
12205283,海池7237
12205284,海池7237
12205285,海池7237
12205286,海池7237
12205287,海池7237
12205288,海池7237
12205289,海池7237
12205290,海池7237
12205291,海池7237
12205292,海池7237
12205293,海池7237
12205294,海池7237
12205295,海池7237
12205296,海池7237
12205297,海池7237
12205298,海池7237
12205299,海池7237
12205300,海池7237
12205301,海池7237
12205302,海池7237
12205303,海池7237
12205304,海池7237
12205305,海池7237
12205306,海池7237
12205307,海池7237
12205308,海池7237
12205309,海池7237
12205310,海池7237
12205311,海池7237
12205312,海池7237
12205313,海池7237
12205314,海池7237
12205315,海池7237
12205316,海池7237
12205317,海池7237
12205318,海池7237
12205319,海池7237
12205320,海池7237
12205321,海池7237
12205322,海池7237
12205323,海池7237
12205324,海池7237
12205325,海池7237
12205326,海池7237
12205327,海池7237
12205328,海池7237
12205329,海池7237
12205330,海池7237
12205331,海池7237
12205332,海池7237
12205333,海池7237
12205334,海池7237
12205335,海池7237
12205336,海池7237
12205337,海池7237
12205338,海池7237
12205339,海池7237
12205340,海池7237
12205341,海池7237
12205342,海池7237
12205343,海池7237
12205344,海池7237
12205345,海池7237
12205346,海池7237
12205347,海池7237
12205348,海池7237
12205349,海池7237
12205350,海池7237
12205351,海池7237
12205352,海池7237
12205353,海池7237
12205354,海池7237
12205355,海池7237
12205356,海池7237
12205357,海池7237
12205358,海池7237
12205359,海池7237
12205360,海池7237
12205361,海池7237
12205362,海池7237
12205363,海池7237
12205364,海池7237
12205365,海池7237
12205366,海池7237
12205367,海池7237
12205368,海池7237
12205369,海池7237
12205370,海池7237
12205371,海池7237
12205372,海池7237
12205373,海池7237
12205374,海池7237
12205375,海池7237
12205376,海池7237
12205377,海池7237
12205378,海池7237
12205379,海池7237
12205380,海池7237
12205381,海池7237
12205382,海池7237
12205383,海池7237
12205384,海池7237
12205385,海池7237
12205386,海池7237
12205387,海池7237
12205388,海池7237
12205389,海池7237
12205390,海池7237
12205391,海池7237
12205392,海池7237
12205393,海池7237
12205394,海池7237
12205395,海池7237
12205396,海池7237
12205397,海池7237
12205398,海池7237
12205399,海池7237
12205400,海池7237
12205401,海池7237
12205402,海池7237
12205403,海池7237
12205404,海池7237
12205405,海池7237
12205406,海池7237
12205407,海池7237
12205408,海池7237
12205409,海池7237
12205410,海池7237
12205411,海池7237
12205412,海池7237
12205413,海池7237
12205414,海池7237
12205415,海池7237
12205416,海池7237
12205417,海池7237
12205418,海池7237
12205419,海池7237
12205420,海池7237
12205421,海池7237
12205422,海池7237
12205423,海池7237
12205424,海池7237
12205425,海池7237
12205426,海池7237
12205427,海池7237
12205428,海池7237
12205429,海池7237
12205430,海池7237
12205431,海池7237
12205432,海池7237
12205433,海池7237
12205434,海池7237
12205435,海池7237
12205436,海池7237
12205437,海池7237
12205438,海池7237
12205439,海池7237
12205440,海池7237
12205441,海池7237
12205442,海池7237
12205443,海池7237
12205444,海池7237
12205445,海池7237
12205446,海池7237
12205447,海池7237
12205448,海池7237
12205449,海池7237
12205450,海池7237
12205451,海池7237
12205452,海池7237
12205453,海池7237
12205454,海池7237
12205455,海池7237
12205456,海池7237
12205457,海池7237
12205458,海池7237
12205459,海池7237
12205460,海池7237
12205461,海池7237
12205462,海池7237
12205463,海池7237
12205464,海池7237
12205465,海池7237
12205466,海池7237
12205467,海池7237
12205468,海池7237
12205469,海池7237
12205470,海池7237
12205471,海池7237
12205472,海池7237
12205473,海池7237
12205474,海池7237
12205475,海池7237
12205476,海池7237
12205477,海池7237
12205478,海池7237
12205479,海池7237
12205480,海池7237
12205481,海池7237
12205482,海池7237
12205483,海池7237
12205484,海池7237
12205485,海池7237
12205486,海池7237
12205487,海池7237
12205488,海池7237
12205489,海池7237
12205490,海池7237
12205491,海池7237
12205492,海池7237
12205493,海池7237
12205494,海池7237
12205495,海池7237
12205496,海池7237
12205497,海池7237
12205498,海池7237
12205499,海池7237
12205500,海池7237
12205501,海池7237
12205502,海池7237
12205503,海池7237
12205504,海池7237
12205505,海池7237
12205506,海池7237
12205507,海池7237
12205508,海池7237
12205509,海池7237
12205510,海池7237
12205511,海池7237
12205512,海池7237
12205513,海池7237
12205514,海池7237
12205515,海池7237
12205516,海池7237
12205517,海池7237
12205518,海池7237
12205519,海池7237
12205520,海池7237
12205521,海池7237
12205522,海池7237
12205523,海池7237
12205524,海池7237
12205525,海池7237
12205526,海池7237
12205527,海池7237
12205528,海池7237
12205529,海池7237
12205530,海池7237
12205531,海池7237
12205532,海池7237
12205533,海池7237
12205534,海池7237
12205535,海池7237
12205536,海池7237
12205537,海池7237
12205538,海池7237
12205539,海池7237
12205540,海池7237
12205541,海池7237
12205542,海池7237
12205543,海池7237
12205544,海池7237
12205545,海池7237
12205546,海池7237
12205547,海池7237
12205548,海池7237
12205549,海池7237
12205550,海池7237
12205551,海池7237
12205552,海池7237
12205553,海池7237
12205554,海池7237
12205555,海池7237
12205556,海池7237
12205557,海池7237
12205558,海池7237
12205559,海池7237
12205560,海池7237
12205561,海池7237
12205562,海池7237
12205563,海池7237
12205564,海池7237
12205565,海池7237
12205566,海池7237
12205567,海池7237
12205568,海池7237
12205569,海池7237
12205570,海池7237
12205571,海池7237
12205572,海池7237
12205573,海池7237
12205574,海池7237
12205575,海池7237
12205576,海池7237
12205577,海池7237
12205578,海池7237
12205579,海池7237
12205580,海池7237
12205581,海池7237
12205582,海池7237
12205583,海池7237
12205584,海池7237
12205585,海池7237
12205586,海池7237
12205587,海池7237
12205588,海池7237
12205589,海池7237
12205590,海池7237
12205591,海池7237
12205592,海池7237
12205593,海池7237
12205594,海池7237
12205595,海池7237
12205596,海池7237
12205597,海池7237
12205598,海池7237
12205599,海池7237
12205600,海池7237
12205601,海池7237
12205602,海池7237
12205603,海池7237
12205604,海池7237
12205605,海池7237
12205606,海池7237
12205607,海池7237
12205608,海池7237
12205609,海池7237
12205610,海池7237
12205611,海池7237
12205612,海池7237
12205613,海池7237
12205614,海池7237
12205615,海池7237
12205616,海池7237
12205617,海池7237
12205618,海池7237
12205619,海池7237
12205620,海池7237
12205621,海池7237
12205622,海池7237
12205623,海池7237
12205624,海池7237
12205625,海池7237
12205626,海池7237
12205627,海池7237
12205628,海池7237
12205629,海池7237
12205630,海池7237
12205631,海池7237
12205632,海池7237
12205633,海池7237
12205634,海池7237
12205635,海池7237
12205636,海池7237
12205637,海池7237
12205638,海池7237
12205639,海池7237
12205640,海池7237
12205641,海池7237
12205642,海池7237
12205643,海池7237
12205644,海池7237
12205645,海池7237
12205646,海池7237
12205647,海池7237
12205648,海池7237
12205649,海池7237
12205650,海池7237
12205651,海池7237
12205652,海池7237
12205653,海池7237
12205654,海池7237
12205655,海池7237
12205656,海池7237
12205657,海池7237
12205658,海池7237
12205659,海池7237
12205660,海池7237
12205661,海池7237
12205662,海池7237
12205663,海池7237
12205664,海池7237
12205665,海池7237
12205666,海池7237
12205667,海池7237
12205668,海池7237
12205669,海池7237
12205670,海池7237
12205671,海池7237
12205672,海池7237
12205673,海池7237
12205674,海池7237
12205675,海池7237
12205676,海池7237
12205677,海池7237
12205678,海池7237
12205679,海池7237
12205680,海池7237
12205681,海池7237
12205682,海池7237
12205683,海池7237
12205684,海池7237
12205685,海池7237
12205686,海池7237
12205687,海池7237
12205688,海池7237
12205689,海池7237
12205690,海池7237
12205691,海池7237
12205692,海池7237
12205693,海池7237
12205694,海池7237
12205695,海池7237
12205696,海池7237
12205697,海池7237
12205698,海池7237
12205699,海池7237
12205700,海池7237
12205701,海池7237
12205702,海池7237
12205703,海池7237
12205704,海池7237
12205705,海池7237
12205706,海池7237
12205707,海池7237
12205708,海池7237
12205709,海池7237
12205710,海池7237
12205711,海池7237
12205712,海池7237
12205713,海池7237
12205714,海池7237
12205715,海池7237
12205716,海池7237
12205717,海池7237
12205718,海池7237
12205719,海池7237
12205720,海池7237
12205721,海池7237
12205722,海池7237
12205723,海池7237
12205724,海池7237
12205725,海池7237
12205726,海池7237
12205727,海池7237
12205728,海池7237
12205729,海池7237
12205730,海池7237
12205731,海池7237
12205732,海池7237
12205733,海池7237
12205734,海池7237
12205735,海池7237
12205736,海池7237
12205737,海池7237
12205738,海池7237
12205739,海池7237
12205740,海池7237
12205741,海池7237
12205742,海池7237
12205743,海池7237
12205744,海池7237
12205745,海池7237
12205746,海池7237
12205747,海池7237
12205748,海池7237
12205749,海池7237
12205750,海池7237
12205751,海池7237
12205752,海池7237
12205753,海池7237
12205754,海池7237
12205755,海池7237
12205756,海池7237
12205757,海池7237
12205758,海池7237
12205759,海池7237
12205760,海池7237
12205761,海池7237
12205762,海池7237
12205763,海池7237
12205764,海池7237
12205765,海池7237
12205766,海池7237
12205767,海池7237
12205768,海池7237
12205769,海池7237
12205770,海池7237
12205771,海池7237
12205772,海池7237
12205773,海池7237
12205774,海池7237
12205775,海池7237
12205776,海池7237
12205777,海池7237
12205778,海池7237
12205779,海池7237
12205780,海池7237
12205781,海池7237
12205782,海池7237
12205783,海池7237
12205784,海池7237
12205785,海池7237
12205786,海池7237
12205787,海池7237
12205788,海池7237
12205789,海池7237
12205790,海池7237
12205791,海池7237
12205792,海池7237
12205793,海池7237
12205794,海池7237
12205795,海池7237
12205796,海池7237
12205797,海池7237
12205798,海池7237
12205799,海池7237
12205800,海池7237
12205801,海池7237
12205802,海池7237
12205803,海池7237
12205804,海池7237
12205805,海池7237
12205806,海池7237
12205807,海池7237
12205808,海池7237
12205809,海池7237
12205810,海池7237
12205811,海池7237
12205812,海池7237
12205813,海池7237
12205814,海池7237
12205815,海池7237
12205816,海池7237
12205817,海池7237
12205818,海池7237
12205819,海池7237
12205820,海池7237
12205821,海池7237
12205822,海池7237
12205823,海池7237
12205824,海池7237
12205825,海池7237
12205826,海池7237
12205827,海池7237
12205828,海池7237
12205829,海池7237
12205830,海池7237
12205831,海池7237
12205832,海池7237
12205833,海池7237
12205834,海池7237
12205835,海池7237
12205836,海池7237
12205837,海池7237
12205838,海池7237
12205839,海池7237
12205840,海池7237
12205841,海池7237
12205842,海池7237
12205843,海池7237
12205844,海池7237
12205845,海池7237
12205846,海池7237
12205847,海池7237
12205848,海池7237
12205849,海池7237
12205850,海池7237
12205851,海池7237
12205852,海池7237
12205853,海池7237
12205854,海池7237
12205855,海池7237
12205856,海池7237
12205857,海池7237
12205858,海池7237
12205859,海池7237
12205860,海池7237
12205861,海池7237
12205862,海池7237
12205863,海池7237
12205864,海池7237
12205865,海池7237
12205866,海池7237
12205867,海池7237
12205868,海池7237
12205869,海池7237
12205870,海池7237
12205871,海池7237
12205872,海池7237
12205873,海池7237
12205874,海池7237
12205875,海池7237
12205876,海池7237
12205877,海池7237
12205878,海池7237
12205879,海池7237
12205880,海池7237
12205881,海池7237
12205882,海池7237
12205883,海池7237
12205884,海池7237
12205885,海池7237
12205886,海池7237
12205887,海池7237
12205888,海池7237
12205889,海池7237
12205890,海池7237
12205891,海池7237
12205892,海池7237
12205893,海池7237
12205894,海池7237
12205895,海池7237
12205896,海池7237
12205897,海池7237
12205898,海池7237
12205899,海池7237
12205900,海池7237
12205901,海池7237
12205902,海池7237
12205903,海池7237
12205904,海池7237
12205905,海池7237
12205906,海池7237
12205907,海池7237
12205908,海池7237
12205909,海池7237
12205910,海池7237
12205911,海池7237
12205912,海池7237
12205913,海池7237
12205914,海池7237
12205915,海池7237
12205916,海池7237
12205917,海池7237
12205918,海池7237
12205919,海池7237
12205920,海池7237
12205921,海池7237
12205922,海池7237
12205923,海池7237
12205924,海池7237
12205925,海池7237
12205926,海池7237
12205927,海池7237
12205928,海池7237
12205929,海池7237
12205930,海池7237
12205931,海池7237
12205932,海池7237
12205933,海池7237
12205934,海池7237
12205935,海池7237
12205936,海池7237
12205937,海池7237
12205938,海池7237
12205939,海池7237
12205940,海池7237
12205941,海池7237
12205942,海池7237
12205943,海池7237
12205944,海池7237
12205945,海池7237
12205946,海池7237
12205947,海池7237
12205948,海池7237
12205949,海池7237
12205950,海池7237
12205951,海池7237
12205952,海池7237
12205953,海池7237
12205954,海池7237
12205955,海池7237
12205956,海池7237
12205957,海池7237
12205958,海池7237
12205959,海池7237
12205960,海池7237
12205961,海池7237
12205962,海池7237
12205963,海池7237
12205964,海池7237
12205965,海池7237
12205966,海池7237
12205967,海池7237
12205968,海池7237
12205969,海池7237
12205970,海池7237
12205971,海池7237
12205972,海池7237
12205973,海池7237
12205974,海池7237
12205975,海池7237
12205976,海池7237
12205977,海池7237
12205978,海池7237
12205979,海池7237
12205980,海池7237
12205981,海池7237
12205982,海池7237
12205983,海池7237
12205984,海池7237
12205985,海池7237
12205986,海池7237
12205987,海池7237
12205988,海池7237
12205989,海池7237
12205990,海池7237
12205991,海池7237
12205992,海池7237
12205993,海池7237
12205994,海池7237
12205995,海池7237
12205996,海池7237
12205997,海池7237
12205998,海池7237
12205999,海池7237
12206000,海池7237
12206001,海池7237
12206002,海池7237
12206003,海池7237
12206004,海池7237
12206005,海池7237
12206006,海池7237
12206007,海池7237
12206008,海池7237
12206009,海池7237
12206010,海池7237
12206011,海池7237
12206012,海池7237
12206013,海池7237
12206014,海池7237
12206015,海池7237
12206016,海池7237
12206017,海池7237
12206018,海池7237
12206019,海池7237
12206020,海池7237
12206021,海池7237
12206022,海池7237
12206023,海池7237
12206024,海池7237
12206025,海池7237
12206026,海池7237
12206027,海池7237
12206028,海池7237
12206029,海池7237
12206030,海池7237
12206031,海池7237
12206032,海池7237
12206033,海池7237
12206034,海池7237
12206035,海池7237
12206036,海池7237
12206037,海池7237
12206038,海池7237
12206039,海池7237
12206040,海池7237
12206041,海池7237
12206042,海池7237
12206043,海池7237
12206044,海池7237
12206045,海池7237
12206046,海池7237
12206047,海池7237
12206048,海池7237
12206049,海池7237
12206050,海池7237
12206051,海池7237
12206052,海池7237
12206053,海池7237
12206054,海池7237
12206055,海池7237
12206056,海池7237
12206057,海池7237
12206058,海池7237
12206059,海池7237
12206060,海池7237
12206061,海池7237
12206062,海池7237
12206063,海池7237
12206064,海池7237
12206065,海池7237
12206066,海池7237
12206067,海池7237
12206068,海池7237
12206069,海池7237
12206070,海池7237
12206071,海池7237
12206072,海池7237
12206073,海池7237
12206074,海池7237
12206075,海池7237
12206076,海池7237
12206077,海池7237
12206078,海池7237
12206079,海池7237
12206080,海池7237
12206081,海池7237
12206082,海池7237
12206083,海池7237
12206084,海池7237
12206085,海池7237
12206086,海池7237
12206087,海池7237
12206088,海池7237
12206089,海池7237
12206090,海池7237
12206091,海池7237
12206092,海池7237
12206093,海池7237
12206094,海池7237
12206095,海池7237
12206096,海池7237
12206097,海池7237
12206098,海池7237
12206099,海池7237
12206100,海池7237
12206101,海池7237
12206102,海池7237
12206103,海池7237
12206104,海池7237
12206105,海池7237
12206106,海池7237
12206107,海池7237
12206108,海池7237
12206109,海池7237
12206110,海池7237
12206111,海池7237
12206112,海池7237
12206113,海池7237
12206114,海池7237
12206115,海池7237
12206116,海池7237
12206117,海池7237
12206118,海池7237
12206119,海池7237
12206120,海池7237
12206121,海池7237
12206122,海池7237
12206123,海池7237
12206124,海池7237
12206125,海池7237
12206126,海池7237
12206127,海池7237
12206128,海池7237
12206129,海池7237
12206130,海池7237
12206131,海池7237
12206132,海池7237
12206133,海池7237
12206134,海池7237
12206135,海池7237
12206136,海池7237
12206137,海池7237
12206138,海池7237
12206139,海池7237
12206140,海池7237
12206141,海池7237
12206142,海池7237
12206143,海池7237
12206144,海池7237
12206145,海池7237
12206146,海池7237
12206147,海池7237
12206148,海池7237
12206149,海池7237
12206150,海池7237
12206151,海池7237
12206152,海池7237
12206153,海池7237
12206154,海池7237
12206155,海池7237
12206156,海池7237
12206157,海池7237
12206158,海池7237
12206159,海池7237
12206160,海池7237
12206161,海池7237
12206162,海池7237
12206163,海池7237
12206164,海池7237
12206165,海池7237
12206166,海池7237
12206167,海池7237
12206168,海池7237
12206169,海池7237
12206170,海池7237
12206171,海池7237
12206172,海池7237
12206173,海池7237
12206174,海池7237
12206175,海池7237
12206176,海池7237
12206177,海池7237
12206178,海池7237
12206179,海池7237
12206180,海池7237
12206181,海池7237
12206182,海池7237
12206183,海池7237
12206184,海池7237
12206185,海池7237
12206186,海池7237
12206187,海池7237
12206188,海池7237
12206189,海池7237
12206190,海池7237
12206191,海池7237
12206192,海池7237
12206193,海池7237
12206194,海池7237
12206195,海池7237
12206196,海池7237
12206197,海池7237
12206198,海池7237
12206199,海池7237
12206200,海池7237
12206201,海池7237
12206202,海池7237
12206203,海池7237
12206204,海池7237
12206205,海池7237
12206206,海池7237
12206207,海池7237
12206208,海池7237
12206209,海池7237
12206210,海池7237
12206211,海池7237
12206212,海池7237
12206213,海池7237
12206214,海池7237
12206215,海池7237
12206216,海池7237
12206217,海池7237
12206218,海池7237
12206219,海池7237
12206220,海池7237
12206221,海池7237
12206222,海池7237
12206223,海池7237
12206224,海池7237
12206225,海池7237
12206226,海池7237
12206227,海池7237
12206228,海池7237
12206229,海池7237
12206230,海池7237
12206231,海池7237
12206232,海池7237
12206233,海池7237
12206234,海池7237
12206235,海池7237
12206236,海池7237
12206237,海池7237
12206238,海池7237
12206239,海池7237
12206240,海池7237
12206241,海池7237
12206242,海池7237
12206243,海池7237
12206244,海池7237
12206245,海池7237
12206246,海池7237
12206247,海池7237
12206248,海池7237
12206249,海池7237
12206250,海池7237
12206251,海池7237
12206252,海池7237
12206253,海池7237
12206254,海池7237
12206255,海池7237
12206256,海池7237
12206257,海池7237
12206258,海池7237
12206259,海池7237
12206260,海池7237
12206261,海池7237
12206262,海池7237
12206263,海池7237
12206264,海池7237
12206265,海池7237
12206266,海池7237
12206267,海池7237
12206268,海池7237
12206269,海池7237
12206270,海池7237
12206271,海池7237
12206272,海池7237
12206273,海池7237
12206274,海池7237
12206275,海池7237
12206276,海池7237
12206277,海池7237
12206278,海池7237
12206279,海池7237
12206280,海池7237
12206281,海池7237
12206282,海池7237
12206283,海池7237
12206284,海池7237
12206285,海池7237
12206286,海池7237
12206287,海池7237
12206288,海池7237
12206289,海池7237
12206290,海池7237
12206291,海池7237
12206292,海池7237
12206293,海池7237
12206294,海池7237
12206295,海池7237
12206296,海池7237
12206297,海池7237
12206298,海池7237
12206299,海池7237
12206300,海池7237
12206301,海池7237
12206302,海池7237
12206303,海池7237
12206304,海池7237
12206305,海池7237
12206306,海池7237
12206307,海池7237
12206308,海池7237
12206309,海池7237
12206310,海池7237
12206311,海池7237
12206312,海池7237
12206313,海池7237
12206314,海池7237
12206315,海池7237
12206316,海池7237
12206317,海池7237
12206318,海池7237
12206319,海池7237
12206320,海池7237
12206321,海池7237
12206322,海池7237
12206323,海池7237
12206324,海池7237
12206325,海池7237
12206326,海池7237
12206327,海池7237
12206328,海池7237
12206329,海池7237
12206330,海池7237
12206331,海池7237
12206332,海池7237
12206333,海池7237
12206334,海池7237
12206335,海池7237
12206336,海池7237
12206337,海池7237
12206338,海池7237
12206339,海池7237
12206340,海池7237
12206341,海池7237
12206342,海池7237
12206343,海池7237
12206344,海池7237
12206345,海池7237
12206346,海池7237
12206347,海池7237
12206348,海池7237
12206349,海池7237
12206350,海池7237
12206351,海池7237
12206352,海池7237
12206353,海池7237
12206354,海池7237
12206355,海池7237
12206356,海池7237
12206357,海池7237
12206358,海池7237
12206359,海池7237
12206360,海池7237
12206361,海池7237
12206362,海池7237
12206363,海池7237
12206364,海池7237
12206365,海池7237
12206366,海池7237
12206367,海池7237
12206368,海池7237
12206369,海池7237
12206370,海池7237
12206371,海池7237
12206372,海池7237
12206373,海池7237
12206374,海池7237
12206375,海池7237
12206376,海池7237
12206377,海池7237
12206378,海池7237
12206379,海池7237
12206380,海池7237
12206381,海池7237
12206382,海池7237
12206383,海池7237
12206384,海池7237
12206385,海池7237
12206386,海池7237
12206387,海池7237
12206388,海池7237
12206389,海池7237
12206390,海池7237
12206391,海池7237
12206392,海池7237
12206393,海池7237
12206394,海池7237
12206395,海池7237
12206396,海池7237
12206397,海池7237
12206398,海池7237
12206399,海池7237
12206400,海池7237
12206401,海池7237
12206402,海池7237
12206403,海池7237
12206404,海池7237
12206405,海池7237
12206406,海池7237
12206407,海池7237
12206408,海池7237
12206409,海池7237
12206410,海池7237
12206411,海池7237
12206412,海池7237
12206413,海池7237
12206414,海池7237
12206415,海池7237
12206416,海池7237
12206417,海池7237
12206418,海池7237
12206419,海池7237
12206420,海池7237
12206421,海池7237
12206422,海池7237
12206423,海池7237
12206424,海池7237
12206425,海池7237
12206426,海池7237
12206427,海池7237
12206428,海池7237
12206429,海池7237
12206430,海池7237
12206431,海池7237
12206432,海池7237
12206433,海池7237
12206434,海池7237
12206435,海池7237
12206436,海池7237
12206437,海池7237
12206438,海池7237
12206439,海池7237
12206440,海池7237
12206441,海池7237
12206442,海池7237
12206443,海池7237
12206444,海池7237
12206445,海池7237
12206446,海池7237
12206447,海池7237
12206448,海池7237
12206449,海池7237
12206450,海池7237
12206451,海池7237
12206452,海池7237
12206453,海池7237
12206454,海池7237
12206455,海池7237
12206456,海池7237
12206457,海池7237
12206458,海池7237
12206459,海池7237
12206460,海池7237
12206461,海池7237
12206462,海池7237
12206463,海池7237
12206464,海池7237
12206465,海池7237
12206466,海池7237
12206467,海池7237
12206468,海池7237
12206469,海池7237
12206470,海池7237
12206471,海池7237
12206472,海池7237
12206473,海池7237
12206474,海池7237
12206475,海池7237
12206476,海池7237
12206477,海池7237
12206478,海池7237
12206479,海池7237
12206480,海池7237
12206481,海池7237
12206482,海池7237
12206483,海池7237
12206484,海池7237
12206485,海池7237
12206486,海池7237
12206487,海池7237
12206488,海池7237
12206489,海池7237
12206490,海池7237
12206491,海池7237
12206492,海池7237
12206493,海池7237
12206494,海池7237
12206495,海池7237
12206496,海池7237
12206497,海池7237
12206498,海池7237
12206499,海池7237
12206500,海池7237
12206501,海池7237
12206502,海池7237
12206503,海池7237
12206504,海池7237
12206505,海池7237
12206506,海池7237
12206507,海池7237
12206508,海池7237
12206509,海池7237
12206510,海池7237
12206511,海池7237
12206512,海池7237
12206513,海池7237
12206514,海池7237
12206515,海池7237
12206516,海池7237
12206517,海池7237
12206518,海池7237
12206519,海池7237
12206520,海池7237
12206521,海池7237
12206522,海池7237
12206523,海池7237
12206524,海池7237
12206525,海池7237
12206526,海池7237
12206527,海池7237
12206528,海池7237
12206529,海池7237
12206530,海池7237
12206531,海池7237
12206532,海池7237
12206533,海池7237
12206534,海池7237
12206535,海池7237
12206536,海池7237
12206537,海池7237
12206538,海池7237
12206539,海池7237
12206540,海池7237
12206541,海池7237
12206542,海池7237
12206543,海池7237
12206544,海池7237
12206545,海池7237
12206546,海池7237
12206547,海池7237
12206548,海池7237
12206549,海池7237
12206550,海池7237
12206551,海池7237
12206552,海池7237
12206553,海池7237
12206554,海池7237
12206555,海池7237
12206556,海池7237
12206557,海池7237
12206558,海池7237
12206559,海池7237
12206560,海池7237
12206561,海池7237
12206562,海池7237
12206563,海池7237
12206564,海池7237
12206565,海池7237
12206566,海池7237
12206567,海池7237
12206568,海池7237
12206569,海池7237
12206570,海池7237
12206571,海池7237
12206572,海池7237
12206573,海池7237
12206574,海池7237
12206575,海池7237
12206576,海池7237
12206577,海池7237
12206578,海池7237
12206579,海池7237
12206580,海池7237
12206581,海池7237
12206582,海池7237
12206583,海池7237
12206584,海池7237
12206585,海池7237
12206586,海池7237
12206587,海池7237
12206588,海池7237
12206589,海池7237
12206590,海池7237
12206591,海池7237
12206592,海池7237
12206593,海池7237
12206594,海池7237
12206595,海池7237
12206596,海池7237
12206597,海池7237
12206598,海池7237
12206599,海池7237
12206600,海池7237
12206601,海池7237
12206602,海池7237
12206603,海池7237
12206604,海池7237
12206605,海池7237
12206606,海池7237
12206607,海池7237
12206608,海池7237
12206609,海池7237
12206610,海池7237
12206611,海池7237
12206612,海池7237
12206613,海池7237
12206614,海池7237
12206615,海池7237
12206616,海池7237
12206618,海池7237
12206619,海池7237
12206620,海池7237
12206621,海池7237
12206622,海池7237
12206623,海池7237
12206624,海池7237
12206625,海池7237
12206626,海池7237
12206627,海池7237
12206628,海池7237
12206629,海池7237
12206630,海池7237
12206631,海池7237
12206632,海池7237
12206633,海池7237
12206634,海池7237
12206635,海池7237
12206636,海池7237
12206637,海池7237
12206638,海池7237
12206639,海池7237
12206640,海池7237
12206641,海池7237
12206642,海池7237
12206643,海池7237
12206644,海池7237
12206645,海池7237
12206646,海池7237
12206647,海池7237
12206648,海池7237
12206649,海池7237
12206650,海池7237
12206651,海池7237
12206652,海池7237
12206653,海池7237
12206654,海池7237
12206655,海池7237
12206656,海池7237
12206657,海池7237
12206658,海池7237
12206659,海池7237
12206660,海池7237
12206661,海池7237
12206662,海池7237
12206663,海池7237
12206664,海池7237
12206665,海池7237
12206666,海池7237
12206667,海池7237
12206668,海池7237
12206669,海池7237
12206670,海池7237
12206671,海池7237
12206672,海池7237
12206673,海池7237
12206674,海池7237
12206675,海池7237
12206676,海池7237
12206677,海池7237
12206678,海池7237
12206679,海池7237
12206680,海池7237
12206681,海池7237
12206682,海池7237
12206683,海池7237
12206684,海池7237
12206685,海池7237
12206686,海池7237
12206687,海池7237
12206688,海池7237
12206689,海池7237
12206690,海池7237
12206691,海池7237
12206692,海池7237
12206693,海池7237
12206694,海池7237
12206695,海池7237
12206696,海池7237
12206697,海池7237
12206698,海池7237
12206699,海池7237
12206700,海池7237
12206701,海池7237
12206702,海池7237
12206703,海池7237
12206704,海池7237
12206705,海池7237
12206706,海池7237
12206707,海池7237
12206708,海池7237
12206709,海池7237
12206710,海池7237
12206711,海池7237
12206712,海池7237
12206713,海池7237
12206714,海池7237
12206715,海池7237
12206716,海池7237
12206717,海池7237
12206718,海池7237
12206719,海池7237
12206720,海池7237
12206721,海池7237
12206722,海池7237
12206723,海池7237
12206724,海池7237
12206725,海池7237
12206726,海池7237
12206727,海池7237
12206728,海池7237
12206729,海池7237
12206730,海池7237
12206731,海池7237
12206732,海池7237
12206733,海池7237
12206734,海池7237
12206735,海池7237
12206736,海池7237
12206737,海池7237
12206738,海池7237
12206739,海池7237
12206740,海池7237
12206741,海池7237
12206742,海池7237
12206743,海池7237
12206744,海池7237
12206745,海池7237
12206746,海池7237
12206747,海池7237
12206748,海池7237
12206749,海池7237
12206750,海池7237
12206751,海池7237
12206752,海池7237
12206753,海池7237
12206754,海池7237
12206755,海池7237
12206756,海池7237
12206757,海池7237
12206758,海池7237
12206759,海池7237
12206760,海池7237
12206761,海池7237
12206762,海池7237
12206763,海池7237
12206764,海池7237
12206765,海池7237
12206766,海池7237
12206767,海池7237
12206768,海池7237
12206769,海池7237
12206770,海池7237
12206771,海池7237
12206772,海池7237
12206773,海池7237
12206774,海池7237
12206775,海池7237
12206776,海池7237
12206777,海池7237
12206778,海池7237
12206779,海池7237
12206780,海池7237
12206781,海池7237
12206782,海池7237
12206783,海池7237
12206784,海池7237
12206785,海池7237
12206786,海池7237
12206787,海池7237
12206788,海池7237
12206789,海池7237
12206790,海池7237
12206791,海池7237
12206792,海池7237
12206793,海池7237
12206794,海池7237
12206795,海池7237
12206796,海池7237
12206797,海池7237
12206798,海池7237
12206799,海池7237
12206800,海池7237
12206801,海池7237
12206802,海池7237
12206803,海池7237
12206804,海池7237
12206805,海池7237
12206806,海池7237
12206807,海池7237
12206808,海池7237
12206809,海池7237
12206810,海池7237
12206811,海池7237
12206812,海池7237
12206813,海池7237
12206814,海池7237
12206815,海池7237
12206816,海池7237
12206817,海池7237
12206818,海池7237
12206819,海池7237
12206820,海池7237
12206821,海池7237
12206822,海池7237
12206823,海池7237
12206824,海池7237
12206825,海池7237
12206826,海池7237
12206827,海池7237
12206828,海池7237
12206829,海池7237
12206830,海池7237
12206831,海池7237
12206832,海池7237
12206833,海池7237
12206834,海池7237
12206835,海池7237
12206836,海池7237
12206837,海池7237
12206838,海池7237
12206839,海池7237
12206840,海池7237
12206841,海池7237
12206842,海池7237
12206843,海池7237
12206844,海池7237
12206845,海池7237
12206846,海池7237
12206847,海池7237
12206848,海池7237
12206849,海池7237
12206850,海池7237
12206851,海池7237
12206852,海池7237
12206853,海池7237
12206854,海池7237
12206855,海池7237
12206856,海池7237
12206857,海池7237
12206858,海池7237
12206859,海池7237
12206860,海池7237
12206861,海池7237
12206862,海池7237
12206863,海池7237
12206864,海池7237
12206865,海池7237
12206866,海池7237
12206867,海池7237
12206868,海池7237
12206869,海池7237
12206870,海池7237
12206871,海池7237
12206872,海池7237
12206873,海池7237
12206874,海池7237
12206875,海池7237
12206876,海池7237
12206877,海池7237
12206878,海池7237
12206879,海池7237
12206880,海池7237
12206881,海池7237
12206882,海池7237
12206883,海池7237
12206884,海池7237
12206885,海池7237
12206886,海池7237
12206887,海池7237
12206888,海池7237
12206889,海池7237
12206890,海池7237
12206891,海池7237
12206892,海池7237
12206893,海池7237
12206894,海池7237
12206895,海池7237
12206896,海池7237
12206897,海池7237
12206898,海池7237
12206899,海池7237
12206900,海池7237
12206901,海池7237
12206902,海池7237
12206903,海池7237
12206904,海池7237
12206905,海池7237
12206906,海池7237
12206907,海池7237
12206908,海池7237
12206909,海池7237
12206910,海池7237
12206911,海池7237
12206912,海池7237
12206913,海池7237
12206914,海池7237
12206915,海池7237
12206916,海池7237
12206917,海池7237
12206918,海池7237
12206919,海池7237
12206920,海池7237
12206921,海池7237
12206922,海池7237
12206923,海池7237
12206924,海池7237
12206925,海池7237
12206926,海池7237
12206927,海池7237
12206928,海池7237
12206929,海池7237
12206930,海池7237
12206931,海池7237
12206932,海池7237
12206933,海池7237
12206934,海池7237
12206935,海池7237
12206936,海池7237
12206937,海池7237
12206938,海池7237
12206939,海池7237
12206940,海池7237
12206941,海池7237
12206942,海池7237
12206943,海池7237
12206944,海池7237
12206945,海池7237
12206946,海池7237
12206947,海池7237
12206948,海池7237
12206949,海池7237
12206950,海池7237
12206951,海池7237
12206952,海池7237
12206953,海池7237
12206954,海池7237
12206955,海池7237
12206956,海池7237
12206957,海池7237
12206958,海池7237
12206959,海池7237
12206960,海池7237
12206961,海池7237
12206962,海池7237
12206963,海池7237
12206964,海池7237
12206965,海池7237
12206966,海池7237
12206967,海池7237
12206968,海池7237
12206969,海池7237
12206970,海池7237
12206971,海池7237
12206972,海池7237
12206973,海池7237
12206974,海池7237
12206975,海池7237
12206976,海池7237
12206977,海池7237
12206978,海池7237
12206979,海池7237
12206980,海池7237
12206981,海池7237
12206982,海池7237
12206983,海池7237
12206984,海池7237
12206985,海池7237
12206986,海池7237
12206987,海池7237
12206988,海池7237
12206989,海池7237
12206990,海池7237
12206991,海池7237
12206992,海池7237
12206993,海池7237
12206994,海池7237
12206995,海池7237
12206996,海池7237
12206997,海池7237
12206998,海池7237
12206999,海池7237
12207000,海池7237
12207001,海池7237
12207002,海池7237
12207003,海池7237
